,0,1,2,3,4,5,6,7,8,9,10,11,12,13,14,15,16,17,18,19,20,21,22,23,24,25,26,27,28,29,30,31,32
0,prefix,http,inter,iot,eu,goiotp,,,,,,,,,,,,,,,,,,,,,,,,,,,
1,prefix,dc,http,purl,org,dc,elements,,,,,,,,,,,,,,,,,,,,,,,,,,
2,prefix,sf,http,www,opengis,net,ont,sf,,,,,,,,,,,,,,,,,,,,,,,,,
3,prefix,vs,http,www,org,sw,vocab,status,ns,,,,,,,,,,,,,,,,,,,,,,,,
4,prefix,gml,http,www,opengis,net,ont,gml,,,,,,,,,,,,,,,,,,,,,,,,,
5,prefix,ogc,http,www,opengis,net,,,,,,,,,,,,,,,,,,,,,,,,,,,
6,prefix,owl,http,www,org,owl,,,,,,,,,,,,,,,,,,,,,,,,,,,
7,prefix,rdf,http,www,org,rdf,syntax,ns,,,,,,,,,,,,,,,,,,,,,,,,,
8,prefix,ssn,http,www,org,ns,ssn,,,,,,,,,,,,,,,,,,,,,,,,,,
9,prefix,xml,http,www,org,xml,namespace,,,,,,,,,,,,,,,,,,,,,,,,,,
10,prefix,xsd,http,www,org,xmlschema,,,,,,,,,,,,,,,,,,,,,,,,,,,
11,prefix,foaf,http,xmlns,com,foaf,,,,,,,,,,,,,,,,,,,,,,,,,,,
12,prefix,iiot,http,inter,iot,eu,goiotp,,,,,,,,,,,,,,,,,,,,,,,,,,
13,prefix,rdfs,http,www,org,rdf,schema,,,,,,,,,,,,,,,,,,,,,,,,,,
14,prefix,sosa,http,www,org,ns,sosa,,,,,,,,,,,,,,,,,,,,,,,,,,
15,prefix,time,http,www,org,time,,,,,,,,,,,,,,,,,,,,,,,,,,,
16,prefix,vann,http,purl,org,vocab,vann,,,,,,,,,,,,,,,,,,,,,,,,,,
17,prefix,voaf,http,purl,org,vocommons,voaf,,,,,,,,,,,,,,,,,,,,,,,,,,
18,prefix,oldssn,http,purl,oclc,org,net,ssnx,ssn,,,,,,,,,,,,,,,,,,,,,,,,
19,prefix,dcterms,http,purl,org,dc,terms,,,,,,,,,,,,,,,,,,,,,,,,,,
20,prefix,geosparql,http,www,opengis,net,ont,geosparql,,,,,,,,,,,,,,,,,,,,,,,,,
21,prefix,geosparqlf,http,www,opengis,net,def,function,geosparql,,,,,,,,,,,,,,,,,,,,,,,,
22,prefix,geosparqlr,http,www,opengis,net,def,rule,geosparql,,,,,,,,,,,,,,,,,,,,,,,,
23,prefix,sweet,units,http,sweet,jpl,nasa,gov,reprsciunits,owl,,,,,,,,,,,,,,,,,,,,,,,
24,base,http,inter,iot,eu,goiotp,,,,,,,,,,,,,,,,,,,,,,,,,,,
25,,,,,,,,,,,,,,,,,,,,,,,,,,,,,,,,,
26,http,inter,iot,eu,goiotp,rdf,type,owl,ontology,,,,,,,,,,,,,,,,,,,,,,,,
27,owl,imports,ssn,,,,,,,,,,,,,,,,,,,,,,,,,,,,,,
28,dcterms,modified,,,,,,,,,,,,,,,,,,,,,,,,,,,,,,,
29,vann,preferrednamespaceprefix,iiot,,,,,,,,,,,,,,,,,,,,,,,,,,,,,,
30,rdfs,comment,inter,iot,interoperability,iot,platforms,,,,,,,,,,,,,,,,,,,,,,,,,,
31,,,,,,,,,,,,,,,,,,,,,,,,,,,,,,,,,
32,inter,iot,project,received,funding,european,union,horizon,research,innovation,programme,grant,agreement,,,,,,,,,,,,,,,,,,,,
33,,,,,,,,,,,,,,,,,,,,,,,,,,,,,,,,,
34,copyright,author,company,file,,,,,,,,,,,,,,,,,,,,,,,,,,,,,
35,systems,research,institute,polish,academy,sciences,,,,,,,,,,,,,,,,,,,,,,,,,,,
36,,,,,,,,,,,,,,,,,,,,,,,,,,,,,,,,,
37,information,contact,,,,,,,,,,,,,,,,,,,,,,,,,,,,,,,
38,author,pawel,szmeja,ibspan,waw,pl,,,,,,,,,,,,,,,,,,,,,,,,,,,
39,project,coordinator,coordinator,inter,iot,eu,en,,,,,,,,,,,,,,,,,,,,,,,,,,
40,vann,preferrednamespaceuri,http,inter,iot,eu,goiotp,,,,,,,,,,,,,,,,,,,,,,,,,,
41,dcterms,issued,xsd,date,,,,,,,,,,,,,,,,,,,,,,,,,,,,,
42,dc,creator,rdf,type,foaf,person,,,,,,,,,,,,,,,,,,,,,,,,,,,
43,foaf,name,pawe≈Ç,szmeja,,,,,,,,,,,,,,,,,,,,,,,,,,,,,
44,,,,,,,,,,,,,,,,,,,,,,,,,,,,,,,,,
45,dc,description,generic,ontology,iot,platforms,goiotp,core,ontology,iot,developed,part,inter,iot,project,offers,modular,data,structures,description,entities,commonly,appearing,iot,context,interoperating,various,different,iot,artifacts,,,
46,,,,,,,,,,,,,,,,,,,,,,,,,,,,,,,,,
47,ontology,following,horizontal,modules,,,,,,,,,,,,,,,,,,,,,,,,,,,,,
48,device,optionally,virtualized,hardware,connected,iot,,,,,,,,,,,,,,,,,,,,,,,,,,,
49,platform,software,platforms,host,iot,devices,,,,,,,,,,,,,,,,,,,,,,,,,,,
50,observation,actuation,information,gathered,iot,entities,world,intention,act,upon,it,,,,,,,,,,,,,,,,,,,,,,
51,units,measurements,systems,units,values,,,,,,,,,,,,,,,,,,,,,,,,,,,,
52,user,human,software,uses,client,iot,entities,,,,,,,,,,,,,,,,,,,,,,,,,,
53,geolocation,position,world,defined,coordinates,,,,,,,,,,,,,,,,,,,,,,,,,,,,
54,service,web,services,offered,software,,,,,,,,,,,,,,,,,,,,,,,,,,,,
55,provenance,origin,ownership,history,iot,entities,,,,,,,,,,,,,,,,,,,,,,,,,,,
56,,,,,,,,,,,,,,,,,,,,,,,,,,,,,,,,,
57,information,please,refer,inter,iot,deliverables,specifically,goiotp,documentation,available,online,en,,,,,,,,,,,,,,,,,,,,,
58,owl,versioninfo,,,,,,,,,,,,,,,,,,,,,,,,,,,,,,,
59,vs,term,status,stable,en,,,,,,,,,,,,,,,,,,,,,,,,,,,,
60,dc,title,generic,ontology,iot,platforms,en,,,,,,,,,,,,,,,,,,,,,,,,,,
61,,,,,,,,,,,,,,,,,,,,,,,,,,,,,,,,,
62,,,,,,,,,,,,,,,,,,,,,,,,,,,,,,,,,
63,annotation,properties,,,,,,,,,,,,,,,,,,,,,,,,,,,,,,,
64,,,,,,,,,,,,,,,,,,,,,,,,,,,,,,,,,
65,,,,,,,,,,,,,,,,,,,,,,,,,,,,,,,,,
66,http,purl,org,dc,elements,contributor,,,,,,,,,,,,,,,,,,,,,,,,,,,
67,dc,contributor,rdf,type,owl,annotationproperty,,,,,,,,,,,,,,,,,,,,,,,,,,,
68,,,,,,,,,,,,,,,,,,,,,,,,,,,,,,,,,
69,,,,,,,,,,,,,,,,,,,,,,,,,,,,,,,,,
70,http,purl,org,dc,elements,creator,,,,,,,,,,,,,,,,,,,,,,,,,,,
71,dc,creator,rdf,type,owl,annotationproperty,,,,,,,,,,,,,,,,,,,,,,,,,,,
72,,,,,,,,,,,,,,,,,,,,,,,,,,,,,,,,,
73,,,,,,,,,,,,,,,,,,,,,,,,,,,,,,,,,
74,http,purl,org,dc,elements,date,,,,,,,,,,,,,,,,,,,,,,,,,,,
75,dc,date,rdf,type,owl,annotationproperty,,,,,,,,,,,,,,,,,,,,,,,,,,,
76,,,,,,,,,,,,,,,,,,,,,,,,,,,,,,,,,
77,,,,,,,,,,,,,,,,,,,,,,,,,,,,,,,,,
78,http,purl,org,dc,elements,description,,,,,,,,,,,,,,,,,,,,,,,,,,,
79,dc,description,rdf,type,owl,annotationproperty,,,,,,,,,,,,,,,,,,,,,,,,,,,
80,,,,,,,,,,,,,,,,,,,,,,,,,,,,,,,,,
81,,,,,,,,,,,,,,,,,,,,,,,,,,,,,,,,,
82,http,www,org,skos,core,preflabel,,,,,,,,,,,,,,,,,,,,,,,,,,,
83,http,www,org,skos,core,preflabel,rdf,type,owl,annotationproperty,,,,,,,,,,,,,,,,,,,,,,,
84,,,,,,,,,,,,,,,,,,,,,,,,,,,,,,,,,
85,,,,,,,,,,,,,,,,,,,,,,,,,,,,,,,,,
86,,,,,,,,,,,,,,,,,,,,,,,,,,,,,,,,,
87,datatypes,,,,,,,,,,,,,,,,,,,,,,,,,,,,,,,,
88,,,,,,,,,,,,,,,,,,,,,,,,,,,,,,,,,
89,,,,,,,,,,,,,,,,,,,,,,,,,,,,,,,,,
90,http,www,opengis,net,ont,geosparql,wktliteral,,,,,,,,,,,,,,,,,,,,,,,,,,
91,geosparql,wktliteral,rdf,type,rdfs,datatype,,,,,,,,,,,,,,,,,,,,,,,,,,,
92,dc,contributor,matthew,perry,,,,,,,,,,,,,,,,,,,,,,,,,,,,,
93,dc,creator,ogc,geosparql,standard,working,group,,,,,,,,,,,,,,,,,,,,,,,,,,
94,dc,date,xsd,date,,,,,,,,,,,,,,,,,,,,,,,,,,,,,
95,dc,description,,,,,,,,,,,,,,,,,,,,,,,,,,,,,,,
96,well,known,text,serialization,geometry,object,,,,,,,,,,,,,,,,,,,,,,,,,,,
97,en,,,,,,,,,,,,,,,,,,,,,,,,,,,,,,,,
98,rdfs,comment,,,,,,,,,,,,,,,,,,,,,,,,,,,,,,,
99,well,known,text,serialization,geometry,object,,,,,,,,,,,,,,,,,,,,,,,,,,,
100,en,,,,,,,,,,,,,,,,,,,,,,,,,,,,,,,,
101,rdfs,isdefinedby,http,www,opengis,net,ont,geosparql,,,,,,,,,,,,,,,,,,,,,,,,,
102,http,www,opengis,net,spec,geosparql,,,,,,,,,,,,,,,,,,,,,,,,,,,
103,rdfs,label,well,known,text,literal,en,,,,,,,,,,,,,,,,,,,,,,,,,,
104,http,www,org,skos,core,definition,,,,,,,,,,,,,,,,,,,,,,,,,,,
105,well,known,text,serialization,geometry,object,,,,,,,,,,,,,,,,,,,,,,,,,,,
106,en,,,,,,,,,,,,,,,,,,,,,,,,,,,,,,,,
107,http,www,org,skos,core,preflabel,well,known,text,literal,en,,,,,,,,,,,,,,,,,,,,,,
108,,,,,,,,,,,,,,,,,,,,,,,,,,,,,,,,,
109,,,,,,,,,,,,,,,,,,,,,,,,,,,,,,,,,
110,http,www,org,xmlschema,date,,,,,,,,,,,,,,,,,,,,,,,,,,,,
111,xsd,date,rdf,type,rdfs,datatype,,,,,,,,,,,,,,,,,,,,,,,,,,,
112,,,,,,,,,,,,,,,,,,,,,,,,,,,,,,,,,
113,,,,,,,,,,,,,,,,,,,,,,,,,,,,,,,,,
114,,,,,,,,,,,,,,,,,,,,,,,,,,,,,,,,,
115,object,properties,,,,,,,,,,,,,,,,,,,,,,,,,,,,,,,
116,,,,,,,,,,,,,,,,,,,,,,,,,,,,,,,,,
117,,,,,,,,,,,,,,,,,,,,,,,,,,,,,,,,,
118,http,inter,iot,eu,goiotp,hascomponent,,,,,,,,,,,,,,,,,,,,,,,,,,,
119,iiot,hascomponent,rdf,type,owl,objectproperty,,,,,,,,,,,,,,,,,,,,,,,,,,,
120,rdfs,range,iiot,platformcomponent,,,,,,,,,,,,,,,,,,,,,,,,,,,,,
121,,,,,,,,,,,,,,,,,,,,,,,,,,,,,,,,,
122,,,,,,,,,,,,,,,,,,,,,,,,,,,,,,,,,
123,http,inter,iot,eu,goiotp,hascoverage,,,,,,,,,,,,,,,,,,,,,,,,,,,
124,iiot,hascoverage,rdf,type,owl,objectproperty,,,,,,,,,,,,,,,,,,,,,,,,,,,
125,rdfs,range,iiot,location,,,,,,,,,,,,,,,,,,,,,,,,,,,,,
126,rdfs,comment,denotes,physical,location,entity,iotdevice,softwareplatform,sensor,operates,functionality,capability,entity,restricted,locations,included,coverage,en,,,,,,,,,,,,,,,
127,,,,,,,,,,,,,,,,,,,,,,,,,,,,,,,,,
128,,,,,,,,,,,,,,,,,,,,,,,,,,,,,,,,,
129,http,inter,iot,eu,goiotp,hasdataformat,,,,,,,,,,,,,,,,,,,,,,,,,,,
130,iiot,hasdataformat,rdf,type,owl,objectproperty,,,,,,,,,,,,,,,,,,,,,,,,,,,
131,rdfs,range,iiot,dataformat,,,,,,,,,,,,,,,,,,,,,,,,,,,,,
132,,,,,,,,,,,,,,,,,,,,,,,,,,,,,,,,,
133,,,,,,,,,,,,,,,,,,,,,,,,,,,,,,,,,
134,http,inter,iot,eu,goiotp,hasdomainofinterest,,,,,,,,,,,,,,,,,,,,,,,,,,,
135,iiot,hasdomainofinterest,rdf,type,owl,objectproperty,,,,,,,,,,,,,,,,,,,,,,,,,,,
136,rdfs,range,iiot,domainofinterest,,,,,,,,,,,,,,,,,,,,,,,,,,,,,
137,,,,,,,,,,,,,,,,,,,,,,,,,,,,,,,,,
138,,,,,,,,,,,,,,,,,,,,,,,,,,,,,,,,,
139,http,inter,iot,eu,goiotp,haslocation,,,,,,,,,,,,,,,,,,,,,,,,,,,
140,iiot,haslocation,rdf,type,owl,objectproperty,,,,,,,,,,,,,,,,,,,,,,,,,,,
141,rdfs,range,iiot,location,,,,,,,,,,,,,,,,,,,,,,,,,,,,,
142,rdfs,comment,denotes,last,known,physical,location,entity,en,,,,,,,,,,,,,,,,,,,,,,,,
143,,,,,,,,,,,,,,,,,,,,,,,,,,,,,,,,,
144,,,,,,,,,,,,,,,,,,,,,,,,,,,,,,,,,
145,http,inter,iot,eu,goiotp,hasmeasurementkind,,,,,,,,,,,,,,,,,,,,,,,,,,,
146,iiot,hasmeasurementkind,rdf,type,owl,objectproperty,,,,,,,,,,,,,,,,,,,,,,,,,,,
147,rdfs,range,iiot,measurementkind,,,,,,,,,,,,,,,,,,,,,,,,,,,,,
148,,,,,,,,,,,,,,,,,,,,,,,,,,,,,,,,,
149,,,,,,,,,,,,,,,,,,,,,,,,,,,,,,,,,
150,http,inter,iot,eu,goiotp,hasowner,,,,,,,,,,,,,,,,,,,,,,,,,,,
151,iiot,hasowner,rdf,type,owl,objectproperty,,,,,,,,,,,,,,,,,,,,,,,,,,,
152,owl,inverseof,iiot,isownerof,,,,,,,,,,,,,,,,,,,,,,,,,,,,,
153,rdfs,comment,denotes,ownership,relation,entities,en,,,,,,,,,,,,,,,,,,,,,,,,,,
154,,,,,,,,,,,,,,,,,,,,,,,,,,,,,,,,,
155,,,,,,,,,,,,,,,,,,,,,,,,,,,,,,,,,
156,http,inter,iot,eu,goiotp,hassemantics,,,,,,,,,,,,,,,,,,,,,,,,,,,
157,iiot,hassemantics,rdf,type,owl,objectproperty,,,,,,,,,,,,,,,,,,,,,,,,,,,
158,rdfs,range,iiot,semantics,,,,,,,,,,,,,,,,,,,,,,,,,,,,,
159,,,,,,,,,,,,,,,,,,,,,,,,,,,,,,,,,
160,,,,,,,,,,,,,,,,,,,,,,,,,,,,,,,,,
161,http,inter,iot,eu,goiotp,hasserviceinput,,,,,,,,,,,,,,,,,,,,,,,,,,,
162,iiot,hasserviceinput,rdf,type,owl,objectproperty,,,,,,,,,,,,,,,,,,,,,,,,,,,
163,rdfs,domain,iiot,serviceinterface,,,,,,,,,,,,,,,,,,,,,,,,,,,,,
164,rdfs,range,iiot,serviceinput,,,,,,,,,,,,,,,,,,,,,,,,,,,,,
165,,,,,,,,,,,,,,,,,,,,,,,,,,,,,,,,,
166,,,,,,,,,,,,,,,,,,,,,,,,,,,,,,,,,
167,http,inter,iot,eu,goiotp,hasserviceinterface,,,,,,,,,,,,,,,,,,,,,,,,,,,
168,iiot,hasserviceinterface,rdf,type,owl,objectproperty,,,,,,,,,,,,,,,,,,,,,,,,,,,
169,rdfs,domain,iiot,service,,,,,,,,,,,,,,,,,,,,,,,,,,,,,
170,rdfs,range,iiot,serviceinterface,,,,,,,,,,,,,,,,,,,,,,,,,,,,,
171,,,,,,,,,,,,,,,,,,,,,,,,,,,,,,,,,
172,,,,,,,,,,,,,,,,,,,,,,,,,,,,,,,,,
173,http,inter,iot,eu,goiotp,hasserviceoutput,,,,,,,,,,,,,,,,,,,,,,,,,,,
174,iiot,hasserviceoutput,rdf,type,owl,objectproperty,,,,,,,,,,,,,,,,,,,,,,,,,,,
175,rdfs,domain,iiot,serviceinterface,,,,,,,,,,,,,,,,,,,,,,,,,,,,,
176,rdfs,range,iiot,serviceoutput,,,,,,,,,,,,,,,,,,,,,,,,,,,,,
177,,,,,,,,,,,,,,,,,,,,,,,,,,,,,,,,,
178,,,,,,,,,,,,,,,,,,,,,,,,,,,,,,,,,
179,http,inter,iot,eu,goiotp,hasunit,,,,,,,,,,,,,,,,,,,,,,,,,,,
180,iiot,hasunit,rdf,type,owl,objectproperty,,,,,,,,,,,,,,,,,,,,,,,,,,,
181,rdfs,range,sweet,units,unit,,,,,,,,,,,,,,,,,,,,,,,,,,,,
182,,,,,,,,,,,,,,,,,,,,,,,,,,,,,,,,,
183,,,,,,,,,,,,,,,,,,,,,,,,,,,,,,,,,
184,http,inter,iot,eu,goiotp,hasuser,,,,,,,,,,,,,,,,,,,,,,,,,,,
185,iiot,hasuser,rdf,type,owl,objectproperty,,,,,,,,,,,,,,,,,,,,,,,,,,,
186,owl,inverseof,iiot,isuserof,,,,,,,,,,,,,,,,,,,,,,,,,,,,,
187,rdfs,range,iiot,user,,,,,,,,,,,,,,,,,,,,,,,,,,,,,
188,rdfs,comment,denotes,subject,entity,used,another,entity,en,,,,,,,,,,,,,,,,,,,,,,,,
189,,,,,,,,,,,,,,,,,,,,,,,,,,,,,,,,,
190,,,,,,,,,,,,,,,,,,,,,,,,,,,,,,,,,
191,http,inter,iot,eu,goiotp,isownerof,,,,,,,,,,,,,,,,,,,,,,,,,,,
192,iiot,isownerof,rdf,type,owl,objectproperty,,,,,,,,,,,,,,,,,,,,,,,,,,,
193,rdfs,subpropertyof,owl,topobjectproperty,,,,,,,,,,,,,,,,,,,,,,,,,,,,,
194,rdfs,comment,denotes,ownership,relation,entities,en,,,,,,,,,,,,,,,,,,,,,,,,,,
195,,,,,,,,,,,,,,,,,,,,,,,,,,,,,,,,,
196,,,,,,,,,,,,,,,,,,,,,,,,,,,,,,,,,
197,http,inter,iot,eu,goiotp,isuserof,,,,,,,,,,,,,,,,,,,,,,,,,,,
198,iiot,isuserof,rdf,type,owl,objectproperty,,,,,,,,,,,,,,,,,,,,,,,,,,,
199,rdfs,subpropertyof,owl,topobjectproperty,,,,,,,,,,,,,,,,,,,,,,,,,,,,,
200,rdfs,domain,iiot,user,,,,,,,,,,,,,,,,,,,,,,,,,,,,,
201,rdfs,comment,denotes,subject,entity,uses,another,entity,en,,,,,,,,,,,,,,,,,,,,,,,,
202,http,www,org,skos,core,example,user,uses,device,means,observations,coming,device,relevant,user,en,,,,,,,,,,,,,,,,,
203,,,,,,,,,,,,,,,,,,,,,,,,,,,,,,,,,
204,,,,,,,,,,,,,,,,,,,,,,,,,,,,,,,,,
205,http,inter,iot,eu,goiotp,offersservice,,,,,,,,,,,,,,,,,,,,,,,,,,,
206,iiot,offersservice,rdf,type,owl,objectproperty,,,,,,,,,,,,,,,,,,,,,,,,,,,
207,rdfs,domain,sosa,platform,,,,,,,,,,,,,,,,,,,,,,,,,,,,,
208,rdfs,range,iiot,service,,,,,,,,,,,,,,,,,,,,,,,,,,,,,
209,,,,,,,,,,,,,,,,,,,,,,,,,,,,,,,,,
210,,,,,,,,,,,,,,,,,,,,,,,,,,,,,,,,,
211,http,inter,iot,eu,goiotp,orderedbyuser,,,,,,,,,,,,,,,,,,,,,,,,,,,
212,iiot,orderedbyuser,rdf,type,owl,objectproperty,,,,,,,,,,,,,,,,,,,,,,,,,,,
213,rdfs,range,iiot,user,,,,,,,,,,,,,,,,,,,,,,,,,,,,,
214,rdfs,comment,activity,observation,actuation,ordered,user,case,device,performing,activity,responsible,carrying,user,responsible,making,decision,ordering,activity,involve,making,decision,actually,using,device,perform,actuation,observation,handling,device,physically,controlling,remotely
215,,,,,,,,,,,,,,,,,,,,,,,,,,,,,,,,,
216,anonymous,device,user,orderd,activity,responsible,making,decision,perform,en,,,,,,,,,,,,,,,,,,,,,,,
217,http,www,org,skos,core,example,port,operator,moves,port,crane,orders,actuation,made,crane,device,,,,,,,,,,,,,,,,,
218,,,,,,,,,,,,,,,,,,,,,,,,,,,,,,,,,
219,doctor,uses,smart,thermometer,measure,patients,temperature,orders,temperature,observation,carried,thermometer,,,,,,,,,,,,,,,,,,,,,
220,,,,,,,,,,,,,,,,,,,,,,,,,,,,,,,,,
221,truck,driver,sets,preferred,fuel,usage,smart,car,orders,make,actuation,making,smart,truck,controller,device,change,state,smart,truck,recalculate,route,data,estimated,time,arrival,en,,,,,,
222,,,,,,,,,,,,,,,,,,,,,,,,,,,,,,,,,
223,,,,,,,,,,,,,,,,,,,,,,,,,,,,,,,,,
224,,,,,,,,,,,,,,,,,,,,,,,,,,,,,,,,,
225,data,properties,,,,,,,,,,,,,,,,,,,,,,,,,,,,,,,
226,,,,,,,,,,,,,,,,,,,,,,,,,,,,,,,,,
227,,,,,,,,,,,,,,,,,,,,,,,,,,,,,,,,,
228,http,inter,iot,eu,goiotp,hasbaseendpoint,,,,,,,,,,,,,,,,,,,,,,,,,,,
229,iiot,hasbaseendpoint,rdf,type,owl,datatypeproperty,,,,,,,,,,,,,,,,,,,,,,,,,,,
230,rdfs,comment,primary,default,base,endpoint,entity,accessible,rest,url,en,,,,,,,,,,,,,,,,,,,,,,
231,,,,,,,,,,,,,,,,,,,,,,,,,,,,,,,,,
232,,,,,,,,,,,,,,,,,,,,,,,,,,,,,,,,,
233,http,inter,iot,eu,goiotp,hasdescription,,,,,,,,,,,,,,,,,,,,,,,,,,,
234,iiot,hasdescription,rdf,type,owl,datatypeproperty,,,,,,,,,,,,,,,,,,,,,,,,,,,
235,rdfs,comment,human,readable,description,iot,entity,en,,,,,,,,,,,,,,,,,,,,,,,,,
236,,,,,,,,,,,,,,,,,,,,,,,,,,,,,,,,,
237,,,,,,,,,,,,,,,,,,,,,,,,,,,,,,,,,
238,http,inter,iot,eu,goiotp,hasname,,,,,,,,,,,,,,,,,,,,,,,,,,,
239,iiot,hasname,rdf,type,owl,datatypeproperty,,,,,,,,,,,,,,,,,,,,,,,,,,,
240,rdfs,comment,generic,property,describing,name,entity,context,iot,en,,,,,,,,,,,,,,,,,,,,,,,
241,,,,,,,,,,,,,,,,,,,,,,,,,,,,,,,,,
242,,,,,,,,,,,,,,,,,,,,,,,,,,,,,,,,,
243,http,inter,iot,eu,goiotp,hasresultvalue,,,,,,,,,,,,,,,,,,,,,,,,,,,
244,iiot,hasresultvalue,rdf,type,owl,datatypeproperty,,,,,,,,,,,,,,,,,,,,,,,,,,,
245,rdfs,domain,sosa,result,,,,,,,,,,,,,,,,,,,,,,,,,,,,,
246,,,,,,,,,,,,,,,,,,,,,,,,,,,,,,,,,
247,,,,,,,,,,,,,,,,,,,,,,,,,,,,,,,,,
248,http,inter,iot,eu,goiotp,hasservicedefinition,,,,,,,,,,,,,,,,,,,,,,,,,,,
249,iiot,hasservicedefinition,rdf,type,owl,datatypeproperty,,,,,,,,,,,,,,,,,,,,,,,,,,,
250,rdfs,domain,iiot,service,,,,,,,,,,,,,,,,,,,,,,,,,,,,,
251,rdfs,range,xsd,anyuri,,,,,,,,,,,,,,,,,,,,,,,,,,,,,
252,rdfs,comment,specifies,address,technical,formal,definition,service,accessible,en,,,,,,,,,,,,,,,,,,,,,,,
253,http,www,org,skos,core,example,webservices,wsdl,file,wadl,file,openapi,specification,file,en,,,,,,,,,,,,,,,,,,
254,,,,,,,,,,,,,,,,,,,,,,,,,,,,,,,,,
255,,,,,,,,,,,,,,,,,,,,,,,,,,,,,,,,,
256,http,inter,iot,eu,goiotp,hasuri,,,,,,,,,,,,,,,,,,,,,,,,,,,
257,iiot,hasuri,rdf,type,owl,datatypeproperty,,,,,,,,,,,,,,,,,,,,,,,,,,,
258,rdfs,range,xsd,anyuri,,,,,,,,,,,,,,,,,,,,,,,,,,,,,
259,,,,,,,,,,,,,,,,,,,,,,,,,,,,,,,,,
260,,,,,,,,,,,,,,,,,,,,,,,,,,,,,,,,,
261,http,inter,iot,eu,goiotp,hasversion,,,,,,,,,,,,,,,,,,,,,,,,,,,
262,iiot,hasversion,rdf,type,owl,datatypeproperty,,,,,,,,,,,,,,,,,,,,,,,,,,,
263,,,,,,,,,,,,,,,,,,,,,,,,,,,,,,,,,
264,,,,,,,,,,,,,,,,,,,,,,,,,,,,,,,,,
265,http,www,opengis,net,ont,geosparql,aswkt,,,,,,,,,,,,,,,,,,,,,,,,,,
266,geosparql,aswkt,rdf,type,owl,datatypeproperty,,,,,,,,,,,,,,,,,,,,,,,,,,,
267,rdfs,domain,geosparql,geometry,,,,,,,,,,,,,,,,,,,,,,,,,,,,,
268,rdfs,range,geosparql,wktliteral,,,,,,,,,,,,,,,,,,,,,,,,,,,,,
269,dc,contributor,matthew,perry,,,,,,,,,,,,,,,,,,,,,,,,,,,,,
270,dc,creator,ogc,geosparql,standard,working,group,,,,,,,,,,,,,,,,,,,,,,,,,,
271,dc,date,xsd,date,,,,,,,,,,,,,,,,,,,,,,,,,,,,,
272,dc,description,,,,,,,,,,,,,,,,,,,,,,,,,,,,,,,
273,wkt,serialization,geometry,,,,,,,,,,,,,,,,,,,,,,,,,,,,,,
274,en,,,,,,,,,,,,,,,,,,,,,,,,,,,,,,,,
275,rdfs,comment,,,,,,,,,,,,,,,,,,,,,,,,,,,,,,,
276,wkt,serialization,geometry,,,,,,,,,,,,,,,,,,,,,,,,,,,,,,
277,en,,,,,,,,,,,,,,,,,,,,,,,,,,,,,,,,
278,rdfs,isdefinedby,http,www,opengis,net,ont,geosparql,,,,,,,,,,,,,,,,,,,,,,,,,
279,http,www,opengis,net,spec,geosparql,,,,,,,,,,,,,,,,,,,,,,,,,,,
280,rdfs,label,aswkt,en,,,,,,,,,,,,,,,,,,,,,,,,,,,,,
281,http,www,org,skos,core,definition,,,,,,,,,,,,,,,,,,,,,,,,,,,
282,wkt,serialization,geometry,,,,,,,,,,,,,,,,,,,,,,,,,,,,,,
283,en,,,,,,,,,,,,,,,,,,,,,,,,,,,,,,,,
284,http,www,org,skos,core,preflabel,aswkt,en,,,,,,,,,,,,,,,,,,,,,,,,,
285,,,,,,,,,,,,,,,,,,,,,,,,,,,,,,,,,
286,,,,,,,,,,,,,,,,,,,,,,,,,,,,,,,,,
287,,,,,,,,,,,,,,,,,,,,,,,,,,,,,,,,,
288,classes,,,,,,,,,,,,,,,,,,,,,,,,,,,,,,,,
289,,,,,,,,,,,,,,,,,,,,,,,,,,,,,,,,,
290,,,,,,,,,,,,,,,,,,,,,,,,,,,,,,,,,
291,http,inter,iot,eu,goiotp,dataformat,,,,,,,,,,,,,,,,,,,,,,,,,,,
292,iiot,dataformat,rdf,type,owl,class,,,,,,,,,,,,,,,,,,,,,,,,,,,
293,,,,,,,,,,,,,,,,,,,,,,,,,,,,,,,,,
294,,,,,,,,,,,,,,,,,,,,,,,,,,,,,,,,,
295,http,inter,iot,eu,goiotp,domainofinterest,,,,,,,,,,,,,,,,,,,,,,,,,,,
296,iiot,domainofinterest,rdf,type,owl,class,,,,,,,,,,,,,,,,,,,,,,,,,,,
297,rdfs,comment,domain,iot,artifact,operates,en,,,,,,,,,,,,,,,,,,,,,,,,,,
298,http,www,org,skos,core,example,healthcare,aal,ambient,assisted,living,transportation,smart,city,en,,,,,,,,,,,,,,,,,,
299,,,,,,,,,,,,,,,,,,,,,,,,,,,,,,,,,
300,,,,,,,,,,,,,,,,,,,,,,,,,,,,,,,,,
301,http,inter,iot,eu,goiotp,iotdevice,,,,,,,,,,,,,,,,,,,,,,,,,,,
302,iiot,iotdevice,rdf,type,owl,class,,,,,,,,,,,,,,,,,,,,,,,,,,,
303,rdfs,subclassof,sosa,platform,,,,,,,,,,,,,,,,,,,,,,,,,,,,,
304,rdfs,comment,physical,virtual,entity,basic,unit,iot,system,iot,device,platform,serve,host,multiple,sensors,actuators,samplers,en,,,,,,,,,,,,,,
305,,,,,,,,,,,,,,,,,,,,,,,,,,,,,,,,,
306,,,,,,,,,,,,,,,,,,,,,,,,,,,,,,,,,
307,http,inter,iot,eu,goiotp,location,,,,,,,,,,,,,,,,,,,,,,,,,,,
308,iiot,location,rdf,type,owl,class,,,,,,,,,,,,,,,,,,,,,,,,,,,
309,rdfs,subclassof,geosparql,geometry,,,,,,,,,,,,,,,,,,,,,,,,,,,,,
310,rdf,type,owl,restriction,,,,,,,,,,,,,,,,,,,,,,,,,,,,,
311,owl,onproperty,geosparql,aswkt,,,,,,,,,,,,,,,,,,,,,,,,,,,,,
312,owl,allvaluesfrom,geosparql,wktliteral,,,,,,,,,,,,,,,,,,,,,,,,,,,,,
313,,,,,,,,,,,,,,,,,,,,,,,,,,,,,,,,,
314,rdfs,comment,physical,entity,thought,location,contains,entities,geoposition,location,optionally,given,well,known,text,geosparql,aswkt,property,en,,,,,,,,,,,,,,
315,http,www,org,skos,core,example,room,floor,building,specific,point,city,city,whole,en,,,,,,,,,,,,,,,,,,
316,,,,,,,,,,,,,,,,,,,,,,,,,,,,,,,,,
317,,,,,,,,,,,,,,,,,,,,,,,,,,,,,,,,,
318,http,inter,iot,eu,goiotp,measurementkind,,,,,,,,,,,,,,,,,,,,,,,,,,,
319,iiot,measurementkind,rdf,type,owl,class,,,,,,,,,,,,,,,,,,,,,,,,,,,
320,rdfs,subclassof,ssn,property,,,,,,,,,,,,,,,,,,,,,,,,,,,,,
321,rdfs,comment,kind,class,measurement,en,,,,,,,,,,,,,,,,,,,,,,,,,,,
322,http,www,org,skos,core,example,length,mass,time,en,,,,,,,,,,,,,,,,,,,,,,,
323,,,,,,,,,,,,,,,,,,,,,,,,,,,,,,,,,
324,,,,,,,,,,,,,,,,,,,,,,,,,,,,,,,,,
325,http,inter,iot,eu,goiotp,middleware,,,,,,,,,,,,,,,,,,,,,,,,,,,
326,iiot,middleware,rdf,type,owl,class,,,,,,,,,,,,,,,,,,,,,,,,,,,
327,rdfs,subclassof,iiot,platformcomponent,,,,,,,,,,,,,,,,,,,,,,,,,,,,,
328,rdf,type,owl,restriction,,,,,,,,,,,,,,,,,,,,,,,,,,,,,
329,owl,onproperty,iiot,hasbaseendpoint,,,,,,,,,,,,,,,,,,,,,,,,,,,,,
330,owl,somevaluesfrom,rdfs,literal,,,,,,,,,,,,,,,,,,,,,,,,,,,,,
331,,,,,,,,,,,,,,,,,,,,,,,,,,,,,,,,,
332,,,,,,,,,,,,,,,,,,,,,,,,,,,,,,,,,
333,,,,,,,,,,,,,,,,,,,,,,,,,,,,,,,,,
334,http,inter,iot,eu,goiotp,ontology,,,,,,,,,,,,,,,,,,,,,,,,,,,
335,iiot,ontology,rdf,type,owl,class,,,,,,,,,,,,,,,,,,,,,,,,,,,
336,rdfs,subclassof,iiot,semantics,,,,,,,,,,,,,,,,,,,,,,,,,,,,,
337,rdf,type,owl,restriction,,,,,,,,,,,,,,,,,,,,,,,,,,,,,
338,owl,onproperty,iiot,hasuri,,,,,,,,,,,,,,,,,,,,,,,,,,,,,
339,owl,somevaluesfrom,xsd,anyuri,,,,,,,,,,,,,,,,,,,,,,,,,,,,,
340,,,,,,,,,,,,,,,,,,,,,,,,,,,,,,,,,
341,rdf,type,owl,restriction,,,,,,,,,,,,,,,,,,,,,,,,,,,,,
342,owl,onproperty,iiot,hasversion,,,,,,,,,,,,,,,,,,,,,,,,,,,,,
343,owl,somevaluesfrom,rdfs,literal,,,,,,,,,,,,,,,,,,,,,,,,,,,,,
344,,,,,,,,,,,,,,,,,,,,,,,,,,,,,,,,,
345,rdfs,comment,specific,description,concepts,entities,properties,relations,expressed,formalized,way,en,,,,,,,,,,,,,,,,,,,,,
346,http,www,org,skos,core,example,goiotp,ontology,en,,,,,,,,,,,,,,,,,,,,,,,,
347,,,,,,,,,,,,,,,,,,,,,,,,,,,,,,,,,
348,,,,,,,,,,,,,,,,,,,,,,,,,,,,,,,,,
349,http,inter,iot,eu,goiotp,platformcomponent,,,,,,,,,,,,,,,,,,,,,,,,,,,
350,iiot,platformcomponent,rdf,type,owl,class,,,,,,,,,,,,,,,,,,,,,,,,,,,
351,rdfs,subclassof,ssn,system,,,,,,,,,,,,,,,,,,,,,,,,,,,,,
352,,,,,,,,,,,,,,,,,,,,,,,,,,,,,,,,,
353,,,,,,,,,,,,,,,,,,,,,,,,,,,,,,,,,
354,http,inter,iot,eu,goiotp,semantics,,,,,,,,,,,,,,,,,,,,,,,,,,,
355,iiot,semantics,rdf,type,owl,class,,,,,,,,,,,,,,,,,,,,,,,,,,,
356,http,www,org,skos,core,example,description,meaning,data,terms,data,structure,en,,,,,,,,,,,,,,,,,,,,
357,,,,,,,,,,,,,,,,,,,,,,,,,,,,,,,,,
358,,,,,,,,,,,,,,,,,,,,,,,,,,,,,,,,,
359,http,inter,iot,eu,goiotp,service,,,,,,,,,,,,,,,,,,,,,,,,,,,
360,iiot,service,rdf,type,owl,class,,,,,,,,,,,,,,,,,,,,,,,,,,,
361,rdfs,subclassof,rdf,type,owl,restriction,,,,,,,,,,,,,,,,,,,,,,,,,,,
362,owl,onproperty,iiot,hasserviceinterface,,,,,,,,,,,,,,,,,,,,,,,,,,,,,
363,owl,somevaluesfrom,iiot,serviceinterface,,,,,,,,,,,,,,,,,,,,,,,,,,,,,
364,,,,,,,,,,,,,,,,,,,,,,,,,,,,,,,,,
365,rdf,type,owl,restriction,,,,,,,,,,,,,,,,,,,,,,,,,,,,,
366,owl,onproperty,ssn,implements,,,,,,,,,,,,,,,,,,,,,,,,,,,,,
367,owl,somevaluesfrom,sosa,procedure,,,,,,,,,,,,,,,,,,,,,,,,,,,,,
368,,,,,,,,,,,,,,,,,,,,,,,,,,,,,,,,,
369,rdf,type,owl,restriction,,,,,,,,,,,,,,,,,,,,,,,,,,,,,
370,owl,onproperty,iiot,hasdescription,,,,,,,,,,,,,,,,,,,,,,,,,,,,,
371,owl,somevaluesfrom,rdfs,literal,,,,,,,,,,,,,,,,,,,,,,,,,,,,,
372,,,,,,,,,,,,,,,,,,,,,,,,,,,,,,,,,
373,rdf,type,owl,restriction,,,,,,,,,,,,,,,,,,,,,,,,,,,,,
374,owl,onproperty,iiot,hasname,,,,,,,,,,,,,,,,,,,,,,,,,,,,,
375,owl,somevaluesfrom,rdfs,literal,,,,,,,,,,,,,,,,,,,,,,,,,,,,,
376,,,,,,,,,,,,,,,,,,,,,,,,,,,,,,,,,
377,rdfs,comment,provision,function,iot,ecosystem,note,service,procedure,understood,sosa,ontology,en,,,,,,,,,,,,,,,,,,,,
378,http,www,org,skos,core,example,webservice,en,,,,,,,,,,,,,,,,,,,,,,,,,
379,,,,,,,,,,,,,,,,,,,,,,,,,,,,,,,,,
380,,,,,,,,,,,,,,,,,,,,,,,,,,,,,,,,,
381,http,inter,iot,eu,goiotp,serviceinput,,,,,,,,,,,,,,,,,,,,,,,,,,,
382,iiot,serviceinput,rdf,type,owl,class,,,,,,,,,,,,,,,,,,,,,,,,,,,
383,rdfs,subclassof,rdf,type,owl,restriction,,,,,,,,,,,,,,,,,,,,,,,,,,,
384,owl,onproperty,iiot,hasdataformat,,,,,,,,,,,,,,,,,,,,,,,,,,,,,
385,owl,somevaluesfrom,iiot,dataformat,,,,,,,,,,,,,,,,,,,,,,,,,,,,,
386,,,,,,,,,,,,,,,,,,,,,,,,,,,,,,,,,
387,rdf,type,owl,restriction,,,,,,,,,,,,,,,,,,,,,,,,,,,,,
388,owl,onproperty,iiot,hasbaseendpoint,,,,,,,,,,,,,,,,,,,,,,,,,,,,,
389,owl,somevaluesfrom,xsd,anyuri,,,,,,,,,,,,,,,,,,,,,,,,,,,,,
390,,,,,,,,,,,,,,,,,,,,,,,,,,,,,,,,,
391,,,,,,,,,,,,,,,,,,,,,,,,,,,,,,,,,
392,,,,,,,,,,,,,,,,,,,,,,,,,,,,,,,,,
393,http,inter,iot,eu,goiotp,serviceinterface,,,,,,,,,,,,,,,,,,,,,,,,,,,
394,iiot,serviceinterface,rdf,type,owl,class,,,,,,,,,,,,,,,,,,,,,,,,,,,
395,rdfs,subclassof,rdf,type,owl,restriction,,,,,,,,,,,,,,,,,,,,,,,,,,,
396,owl,onproperty,iiot,hasserviceinput,,,,,,,,,,,,,,,,,,,,,,,,,,,,,
397,owl,somevaluesfrom,iiot,serviceinput,,,,,,,,,,,,,,,,,,,,,,,,,,,,,
398,,,,,,,,,,,,,,,,,,,,,,,,,,,,,,,,,
399,rdf,type,owl,restriction,,,,,,,,,,,,,,,,,,,,,,,,,,,,,
400,owl,onproperty,iiot,hasserviceoutput,,,,,,,,,,,,,,,,,,,,,,,,,,,,,
401,owl,somevaluesfrom,iiot,serviceoutput,,,,,,,,,,,,,,,,,,,,,,,,,,,,,
402,,,,,,,,,,,,,,,,,,,,,,,,,,,,,,,,,
403,rdf,type,owl,restriction,,,,,,,,,,,,,,,,,,,,,,,,,,,,,
404,owl,onproperty,iiot,hasservicedefinition,,,,,,,,,,,,,,,,,,,,,,,,,,,,,
405,owl,somevaluesfrom,xsd,anyuri,,,,,,,,,,,,,,,,,,,,,,,,,,,,,
406,,,,,,,,,,,,,,,,,,,,,,,,,,,,,,,,,
407,rdfs,comment,way,accessing,function,offered,service,en,,,,,,,,,,,,,,,,,,,,,,,,,
408,,,,,,,,,,,,,,,,,,,,,,,,,,,,,,,,,
409,,,,,,,,,,,,,,,,,,,,,,,,,,,,,,,,,
410,http,inter,iot,eu,goiotp,serviceoutput,,,,,,,,,,,,,,,,,,,,,,,,,,,
411,iiot,serviceoutput,rdf,type,owl,class,,,,,,,,,,,,,,,,,,,,,,,,,,,
412,rdfs,subclassof,rdf,type,owl,restriction,,,,,,,,,,,,,,,,,,,,,,,,,,,
413,owl,onproperty,iiot,hasdataformat,,,,,,,,,,,,,,,,,,,,,,,,,,,,,
414,owl,somevaluesfrom,iiot,dataformat,,,,,,,,,,,,,,,,,,,,,,,,,,,,,
415,,,,,,,,,,,,,,,,,,,,,,,,,,,,,,,,,
416,,,,,,,,,,,,,,,,,,,,,,,,,,,,,,,,,
417,,,,,,,,,,,,,,,,,,,,,,,,,,,,,,,,,
418,http,inter,iot,eu,goiotp,softwareplatform,,,,,,,,,,,,,,,,,,,,,,,,,,,
419,iiot,softwareplatform,rdf,type,owl,class,,,,,,,,,,,,,,,,,,,,,,,,,,,
420,rdfs,subclassof,sosa,platform,,,,,,,,,,,,,,,,,,,,,,,,,,,,,
421,rdf,type,owl,restriction,,,,,,,,,,,,,,,,,,,,,,,,,,,,,
422,owl,onproperty,iiot,hascomponent,,,,,,,,,,,,,,,,,,,,,,,,,,,,,
423,owl,somevaluesfrom,iiot,platformcomponent,,,,,,,,,,,,,,,,,,,,,,,,,,,,,
424,,,,,,,,,,,,,,,,,,,,,,,,,,,,,,,,,
425,,,,,,,,,,,,,,,,,,,,,,,,,,,,,,,,,
426,,,,,,,,,,,,,,,,,,,,,,,,,,,,,,,,,
427,http,inter,iot,eu,goiotp,user,,,,,,,,,,,,,,,,,,,,,,,,,,,
428,iiot,user,rdf,type,owl,class,,,,,,,,,,,,,,,,,,,,,,,,,,,
429,rdfs,subclassof,sosa,featureofinterest,,,,,,,,,,,,,,,,,,,,,,,,,,,,,
430,,,,,,,,,,,,,,,,,,,,,,,,,,,,,,,,,
431,,,,,,,,,,,,,,,,,,,,,,,,,,,,,,,,,
432,http,sweet,jpl,nasa,gov,reprsciunits,owl,unit,,,,,,,,,,,,,,,,,,,,,,,,,
433,sweet,units,unit,rdf,type,owl,class,,,,,,,,,,,,,,,,,,,,,,,,,,
434,,,,,,,,,,,,,,,,,,,,,,,,,,,,,,,,,
435,,,,,,,,,,,,,,,,,,,,,,,,,,,,,,,,,
436,http,www,opengis,net,ont,geosparql,geometry,,,,,,,,,,,,,,,,,,,,,,,,,,
437,geosparql,geometry,rdf,type,owl,class,,,,,,,,,,,,,,,,,,,,,,,,,,,
438,rdfs,subclassof,geosparql,spatialobject,,,,,,,,,,,,,,,,,,,,,,,,,,,,,
439,,,,,,,,,,,,,,,,,,,,,,,,,,,,,,,,,
440,,,,,,,,,,,,,,,,,,,,,,,,,,,,,,,,,
441,http,www,opengis,net,ont,geosparql,spatialobject,,,,,,,,,,,,,,,,,,,,,,,,,,
442,geosparql,spatialobject,rdf,type,owl,class,,,,,,,,,,,,,,,,,,,,,,,,,,,
443,dc,contributor,matthew,perry,,,,,,,,,,,,,,,,,,,,,,,,,,,,,
444,dc,creator,ogc,geosparql,standard,working,group,,,,,,,,,,,,,,,,,,,,,,,,,,
445,dc,date,xsd,date,,,,,,,,,,,,,,,,,,,,,,,,,,,,,
446,dc,description,,,,,,,,,,,,,,,,,,,,,,,,,,,,,,,
447,class,spatial,object,represents,everything,have,,,,,,,,,,,,,,,,,,,,,,,,,,,
448,spatial,representation,superclass,feature,geometry,,,,,,,,,,,,,,,,,,,,,,,,,,,,
449,en,,,,,,,,,,,,,,,,,,,,,,,,,,,,,,,,
450,rdfs,comment,,,,,,,,,,,,,,,,,,,,,,,,,,,,,,,
451,class,spatial,object,represents,everything,have,,,,,,,,,,,,,,,,,,,,,,,,,,,
452,spatial,representation,superclass,feature,geometry,,,,,,,,,,,,,,,,,,,,,,,,,,,,
453,en,,,,,,,,,,,,,,,,,,,,,,,,,,,,,,,,
454,rdfs,isdefinedby,http,www,opengis,net,ont,geosparql,,,,,,,,,,,,,,,,,,,,,,,,,
455,http,www,opengis,net,spec,geosparql,,,,,,,,,,,,,,,,,,,,,,,,,,,
456,rdfs,label,spatialobject,en,,,,,,,,,,,,,,,,,,,,,,,,,,,,,
457,http,www,org,skos,core,definition,,,,,,,,,,,,,,,,,,,,,,,,,,,
458,class,spatial,object,represents,everything,have,,,,,,,,,,,,,,,,,,,,,,,,,,,
459,spatial,representation,superclass,feature,geometry,,,,,,,,,,,,,,,,,,,,,,,,,,,,
460,en,,,,,,,,,,,,,,,,,,,,,,,,,,,,,,,,
461,http,www,org,skos,core,preflabel,spatialobject,en,,,,,,,,,,,,,,,,,,,,,,,,,
462,,,,,,,,,,,,,,,,,,,,,,,,,,,,,,,,,
463,,,,,,,,,,,,,,,,,,,,,,,,,,,,,,,,,
464,http,www,org,ns,sosa,actuation,,,,,,,,,,,,,,,,,,,,,,,,,,,
465,sosa,actuation,rdfs,subclassof,rdf,type,owl,restriction,,,,,,,,,,,,,,,,,,,,,,,,,
466,owl,onproperty,iiot,orderedbyuser,,,,,,,,,,,,,,,,,,,,,,,,,,,,,
467,owl,somevaluesfrom,iiot,user,,,,,,,,,,,,,,,,,,,,,,,,,,,,,
468,,,,,,,,,,,,,,,,,,,,,,,,,,,,,,,,,
469,rdf,type,owl,restriction,,,,,,,,,,,,,,,,,,,,,,,,,,,,,
470,owl,onproperty,iiot,haslocation,,,,,,,,,,,,,,,,,,,,,,,,,,,,,
471,owl,allvaluesfrom,iiot,location,,,,,,,,,,,,,,,,,,,,,,,,,,,,,
472,,,,,,,,,,,,,,,,,,,,,,,,,,,,,,,,,
473,,,,,,,,,,,,,,,,,,,,,,,,,,,,,,,,,
474,,,,,,,,,,,,,,,,,,,,,,,,,,,,,,,,,
475,http,www,org,ns,sosa,observation,,,,,,,,,,,,,,,,,,,,,,,,,,,
476,sosa,observation,rdfs,subclassof,rdf,type,owl,restriction,,,,,,,,,,,,,,,,,,,,,,,,,
477,owl,onproperty,iiot,orderedbyuser,,,,,,,,,,,,,,,,,,,,,,,,,,,,,
478,owl,somevaluesfrom,iiot,user,,,,,,,,,,,,,,,,,,,,,,,,,,,,,
479,,,,,,,,,,,,,,,,,,,,,,,,,,,,,,,,,
480,rdf,type,owl,restriction,,,,,,,,,,,,,,,,,,,,,,,,,,,,,
481,owl,onproperty,iiot,haslocation,,,,,,,,,,,,,,,,,,,,,,,,,,,,,
482,owl,allvaluesfrom,iiot,location,,,,,,,,,,,,,,,,,,,,,,,,,,,,,
483,,,,,,,,,,,,,,,,,,,,,,,,,,,,,,,,,
484,rdf,type,owl,restriction,,,,,,,,,,,,,,,,,,,,,,,,,,,,,
485,owl,onproperty,sosa,phenomenontime,,,,,,,,,,,,,,,,,,,,,,,,,,,,,
486,owl,allvaluesfrom,time,temporalentity,,,,,,,,,,,,,,,,,,,,,,,,,,,,,
487,,,,,,,,,,,,,,,,,,,,,,,,,,,,,,,,,
488,,,,,,,,,,,,,,,,,,,,,,,,,,,,,,,,,
489,,,,,,,,,,,,,,,,,,,,,,,,,,,,,,,,,
490,http,www,org,ns,sosa,platform,,,,,,,,,,,,,,,,,,,,,,,,,,,
491,sosa,platform,rdfs,subclassof,rdf,type,owl,restriction,,,,,,,,,,,,,,,,,,,,,,,,,
492,owl,onproperty,iiot,hascoverage,,,,,,,,,,,,,,,,,,,,,,,,,,,,,
493,owl,somevaluesfrom,iiot,location,,,,,,,,,,,,,,,,,,,,,,,,,,,,,
494,,,,,,,,,,,,,,,,,,,,,,,,,,,,,,,,,
495,rdf,type,owl,restriction,,,,,,,,,,,,,,,,,,,,,,,,,,,,,
496,owl,onproperty,iiot,hassemantics,,,,,,,,,,,,,,,,,,,,,,,,,,,,,
497,owl,somevaluesfrom,iiot,semantics,,,,,,,,,,,,,,,,,,,,,,,,,,,,,
498,,,,,,,,,,,,,,,,,,,,,,,,,,,,,,,,,
499,rdf,type,owl,restriction,,,,,,,,,,,,,,,,,,,,,,,,,,,,,
500,owl,onproperty,iiot,offersservice,,,,,,,,,,,,,,,,,,,,,,,,,,,,,
501,owl,somevaluesfrom,iiot,service,,,,,,,,,,,,,,,,,,,,,,,,,,,,,
502,,,,,,,,,,,,,,,,,,,,,,,,,,,,,,,,,
503,rdf,type,owl,restriction,,,,,,,,,,,,,,,,,,,,,,,,,,,,,
504,owl,onproperty,iiot,haslocation,,,,,,,,,,,,,,,,,,,,,,,,,,,,,
505,owl,allvaluesfrom,iiot,location,,,,,,,,,,,,,,,,,,,,,,,,,,,,,
506,,,,,,,,,,,,,,,,,,,,,,,,,,,,,,,,,
507,,,,,,,,,,,,,,,,,,,,,,,,,,,,,,,,,
508,,,,,,,,,,,,,,,,,,,,,,,,,,,,,,,,,
509,http,www,org,ns,sosa,result,,,,,,,,,,,,,,,,,,,,,,,,,,,
510,sosa,result,rdfs,subclassof,rdf,type,owl,restriction,,,,,,,,,,,,,,,,,,,,,,,,,
511,owl,onproperty,iiot,hasunit,,,,,,,,,,,,,,,,,,,,,,,,,,,,,
512,owl,somevaluesfrom,sweet,units,unit,,,,,,,,,,,,,,,,,,,,,,,,,,,,
513,,,,,,,,,,,,,,,,,,,,,,,,,,,,,,,,,
514,rdf,type,owl,restriction,,,,,,,,,,,,,,,,,,,,,,,,,,,,,
515,owl,onproperty,iiot,hasresultvalue,,,,,,,,,,,,,,,,,,,,,,,,,,,,,
516,owl,somevaluesfrom,rdfs,literal,,,,,,,,,,,,,,,,,,,,,,,,,,,,,
517,,,,,,,,,,,,,,,,,,,,,,,,,,,,,,,,,
518,,,,,,,,,,,,,,,,,,,,,,,,,,,,,,,,,
519,,,,,,,,,,,,,,,,,,,,,,,,,,,,,,,,,
520,http,www,org,ns,sosa,sensor,,,,,,,,,,,,,,,,,,,,,,,,,,,
521,sosa,sensor,rdfs,subclassof,rdf,type,owl,restriction,,,,,,,,,,,,,,,,,,,,,,,,,
522,owl,onproperty,iiot,hasunit,,,,,,,,,,,,,,,,,,,,,,,,,,,,,
523,owl,somevaluesfrom,sweet,units,unit,,,,,,,,,,,,,,,,,,,,,,,,,,,,
524,,,,,,,,,,,,,,,,,,,,,,,,,,,,,,,,,
525,,,,,,,,,,,,,,,,,,,,,,,,,,,,,,,,,
526,,,,,,,,,,,,,,,,,,,,,,,,,,,,,,,,,
527,http,www,org,ns,ssn,system,,,,,,,,,,,,,,,,,,,,,,,,,,,
528,ssn,system,rdfs,subclassof,rdf,type,owl,restriction,,,,,,,,,,,,,,,,,,,,,,,,,
529,owl,onproperty,iiot,hascoverage,,,,,,,,,,,,,,,,,,,,,,,,,,,,,
530,owl,somevaluesfrom,iiot,location,,,,,,,,,,,,,,,,,,,,,,,,,,,,,
531,,,,,,,,,,,,,,,,,,,,,,,,,,,,,,,,,
532,rdf,type,owl,restriction,,,,,,,,,,,,,,,,,,,,,,,,,,,,,
533,owl,onproperty,iiot,haslocation,,,,,,,,,,,,,,,,,,,,,,,,,,,,,
534,owl,allvaluesfrom,iiot,location,,,,,,,,,,,,,,,,,,,,,,,,,,,,,
535,,,,,,,,,,,,,,,,,,,,,,,,,,,,,,,,,
536,,,,,,,,,,,,,,,,,,,,,,,,,,,,,,,,,
537,,,,,,,,,,,,,,,,,,,,,,,,,,,,,,,,,
538,http,xmlns,com,foaf,person,,,,,,,,,,,,,,,,,,,,,,,,,,,,
539,foaf,person,rdf,type,owl,class,,,,,,,,,,,,,,,,,,,,,,,,,,,
540,,,,,,,,,,,,,,,,,,,,,,,,,,,,,,,,,
541,,,,,,,,,,,,,,,,,,,,,,,,,,,,,,,,,
542,,,,,,,,,,,,,,,,,,,,,,,,,,,,,,,,,
543,individuals,,,,,,,,,,,,,,,,,,,,,,,,,,,,,,,,
544,,,,,,,,,,,,,,,,,,,,,,,,,,,,,,,,,
545,,,,,,,,,,,,,,,,,,,,,,,,,,,,,,,,,
546,http,inter,iot,eu,goiotp,,,,,,,,,,,,,,,,,,,,,,,,,,,,
547,http,inter,iot,eu,goiotp,rdf,type,owl,namedindividual,,,,,,,,,,,,,,,,,,,,,,,,
548,voaf,vocabulary,,,,,,,,,,,,,,,,,,,,,,,,,,,,,,,
549,,,,,,,,,,,,,,,,,,,,,,,,,,,,,,,,,
550,generated,owl,api,version,https,github,com,owlcs,owlapi,,,,,,,,,,,,,,,,,,,,,,,,
