,0,1,2,3,4,5,6,7,8,9,10,11,12,13,14,15,16,17,18,19,20,21,22,23,24,25,26,27,28,29,30,31,32,33,34,35,36,37,38,39,40,41,42,43,44,45,46,47,48,49,50,51,52,53,54,55,56,57,58,59,60,61,62,63,64,65,66,67,68,69,70,71,72,73,74,75,76,77,78,79,80,81,82,83,84,85,86,87,88,89,90
0,xml,version,encoding,utf,standalone,,,,,,,,,,,,,,,,,,,,,,,,,,,,,,,,,,,,,,,,,,,,,,,,,,,,,,,,,,,,,,,,,,,,,,,,,,,,,,,,,,,,,,
1,rdf,rdf,xmlns,http,purl,oclc,org,net,ssnx,ssn,xmlns,ssn,http,purl,oclc,org,net,ssnx,ssn,xmlns,dul,http,www,loa,cnr,ontologies,dul,owl,xmlns,owl,http,www,org,owl,xmlns,rdfs,http,www,org,rdf,schema,xmlns,rdf,http,www,org,rdf,syntax,ns,xmlns,xsd,http,www,org,xmlschema,xmlns,skos,http,www,org,skos,core,xmlns,dc,http,purl,org,dc,elements,xmlns,dct,http,purl,org,dc,terms,xmlns,cc,http,creativecommons,org,ns,xml,base,http,purl,oclc,org,net,ssnx,ssn
2,owl,ontology,rdf,http,purl,oclc,org,net,ssnx,ssn,,,,,,,,,,,,,,,,,,,,,,,,,,,,,,,,,,,,,,,,,,,,,,,,,,,,,,,,,,,,,,,,,,,,,,,,,,,,,,,,,
3,dc,creator,rdf,datatype,http,www,org,xmlschema,string,semantic,sensor,network,incubator,group,dc,creator,,,,,,,,,,,,,,,,,,,,,,,,,,,,,,,,,,,,,,,,,,,,,,,,,,,,,,,,,,,,,,,,,,,,,,,,,,,
4,rdfs,seealso,http,www,org,incubator,ssn,rdfs,seealso,,,,,,,,,,,,,,,,,,,,,,,,,,,,,,,,,,,,,,,,,,,,,,,,,,,,,,,,,,,,,,,,,,,,,,,,,,,,,,,,,,
5,dc,identifier,http,purl,oclc,org,net,ssnx,ssn,dc,identifier,,,,,,,,,,,,,,,,,,,,,,,,,,,,,,,,,,,,,,,,,,,,,,,,,,,,,,,,,,,,,,,,,,,,,,,,,,,,,,,,
6,dc,title,semantic,sensor,network,ontology,dc,title,,,,,,,,,,,,,,,,,,,,,,,,,,,,,,,,,,,,,,,,,,,,,,,,,,,,,,,,,,,,,,,,,,,,,,,,,,,,,,,,,,,
7,dct,created,dct,created,,,,,,,,,,,,,,,,,,,,,,,,,,,,,,,,,,,,,,,,,,,,,,,,,,,,,,,,,,,,,,,,,,,,,,,,,,,,,,,,,,,,,,,
8,dct,modified,dct,modified,,,,,,,,,,,,,,,,,,,,,,,,,,,,,,,,,,,,,,,,,,,,,,,,,,,,,,,,,,,,,,,,,,,,,,,,,,,,,,,,,,,,,,,
9,dc,rights,copyright,dc,rights,,,,,,,,,,,,,,,,,,,,,,,,,,,,,,,,,,,,,,,,,,,,,,,,,,,,,,,,,,,,,,,,,,,,,,,,,,,,,,,,,,,,,,
10,cc,license,rdf,resource,http,www,org,consortium,legal,copyright,software,html,,,,,,,,,,,,,,,,,,,,,,,,,,,,,,,,,,,,,,,,,,,,,,,,,,,,,,,,,,,,,,,,,,,,,,,,,,,,,,,
11,rdfs,comment,rdf,datatype,http,www,org,xmlschema,string,ontology,describes,sensors,observations,related,concepts,describe,domain,concepts,time,locations,etc,intended,included,ontologies,via,owl,imports,rdfs,comment,,,,,,,,,,,,,,,,,,,,,,,,,,,,,,,,,,,,,,,,,,,,,,,,,,,,,,,,,,,,,,
12,rdfs,comment,rdf,datatype,http,www,org,xmlschema,string,ontology,developed,semantic,sensor,networks,incubator,group,ssn,xg,concepts,structure,ontology,discussed,group,meetings,mailing,list,information,group,activities,see,http,www,org,incubator,ssn,rdfs,comment,,,,,,,,,,,,,,,,,,,,,,,,,,,,,,,,,,,,,,,,,,,,,,,,,,,,,,
13,rdfs,comment,rdf,datatype,http,www,org,xmlschema,string,please,report,errors,semantic,sensor,network,incubator,activity,via,public,list,public,xg,ssn,org,rdfs,comment,,,,,,,,,,,,,,,,,,,,,,,,,,,,,,,,,,,,,,,,,,,,,,,,,,,,,,,,,,,,,,,,,
14,owl,imports,,,,,,,,,,,,,,,,,,,,,,,,,,,,,,,,,,,,,,,,,,,,,,,,,,,,,,,,,,,,,,,,,,,,,,,,,,,,,,,,,,,,,,,,,
15,owl,ontology,rdf,http,www,loa,cnr,ontologies,dul,owl,,,,,,,,,,,,,,,,,,,,,,,,,,,,,,,,,,,,,,,,,,,,,,,,,,,,,,,,,,,,,,,,,,,,,,,,,,,,,,,,,
17,owl,ontology,,,,,,,,,,,,,,,,,,,,,,,,,,,,,,,,,,,,,,,,,,,,,,,,,,,,,,,,,,,,,,,,,,,,,,,,,,,,,,,,,,,,,,,,,
18,owl,annotationproperty,rdf,http,purl,org,dc,elements,creator,,,,,,,,,,,,,,,,,,,,,,,,,,,,,,,,,,,,,,,,,,,,,,,,,,,,,,,,,,,,,,,,,,,,,,,,,,,,,,,,,,
19,owl,annotationproperty,rdf,http,purl,org,dc,elements,identifier,,,,,,,,,,,,,,,,,,,,,,,,,,,,,,,,,,,,,,,,,,,,,,,,,,,,,,,,,,,,,,,,,,,,,,,,,,,,,,,,,,
20,owl,annotationproperty,rdf,http,purl,org,dc,elements,date,,,,,,,,,,,,,,,,,,,,,,,,,,,,,,,,,,,,,,,,,,,,,,,,,,,,,,,,,,,,,,,,,,,,,,,,,,,,,,,,,,
21,owl,annotationproperty,rdf,http,purl,org,dc,elements,rights,,,,,,,,,,,,,,,,,,,,,,,,,,,,,,,,,,,,,,,,,,,,,,,,,,,,,,,,,,,,,,,,,,,,,,,,,,,,,,,,,,
22,owl,annotationproperty,rdf,http,purl,org,dc,elements,source,,,,,,,,,,,,,,,,,,,,,,,,,,,,,,,,,,,,,,,,,,,,,,,,,,,,,,,,,,,,,,,,,,,,,,,,,,,,,,,,,,
23,owl,annotationproperty,rdf,http,purl,org,dc,elements,title,,,,,,,,,,,,,,,,,,,,,,,,,,,,,,,,,,,,,,,,,,,,,,,,,,,,,,,,,,,,,,,,,,,,,,,,,,,,,,,,,,
24,owl,annotationproperty,rdf,http,purl,org,dc,terms,created,,,,,,,,,,,,,,,,,,,,,,,,,,,,,,,,,,,,,,,,,,,,,,,,,,,,,,,,,,,,,,,,,,,,,,,,,,,,,,,,,,
25,owl,annotationproperty,rdf,http,purl,org,dc,terms,modified,,,,,,,,,,,,,,,,,,,,,,,,,,,,,,,,,,,,,,,,,,,,,,,,,,,,,,,,,,,,,,,,,,,,,,,,,,,,,,,,,,
26,owl,annotationproperty,rdf,http,creativecommons,org,ns,license,,,,,,,,,,,,,,,,,,,,,,,,,,,,,,,,,,,,,,,,,,,,,,,,,,,,,,,,,,,,,,,,,,,,,,,,,,,,,,,,,,,
27,owl,annotationproperty,rdf,http,www,org,rdf,schema,comment,,,,,,,,,,,,,,,,,,,,,,,,,,,,,,,,,,,,,,,,,,,,,,,,,,,,,,,,,,,,,,,,,,,,,,,,,,,,,,,,,,
28,owl,annotationproperty,rdf,http,www,org,rdf,schema,isdefinedby,,,,,,,,,,,,,,,,,,,,,,,,,,,,,,,,,,,,,,,,,,,,,,,,,,,,,,,,,,,,,,,,,,,,,,,,,,,,,,,,,,
29,owl,annotationproperty,rdf,http,www,org,rdf,schema,label,,,,,,,,,,,,,,,,,,,,,,,,,,,,,,,,,,,,,,,,,,,,,,,,,,,,,,,,,,,,,,,,,,,,,,,,,,,,,,,,,,
30,owl,annotationproperty,rdf,http,www,org,rdf,schema,seealso,,,,,,,,,,,,,,,,,,,,,,,,,,,,,,,,,,,,,,,,,,,,,,,,,,,,,,,,,,,,,,,,,,,,,,,,,,,,,,,,,,
31,ssn,new,,,,,,,,,,,,,,,,,,,,,,,,,,,,,,,,,,,,,,,,,,,,,,,,,,,,,,,,,,,,,,,,,,,,,,,,,,,,,,,,,,,,,,,,,
32,dul,upper,,,,,,,,,,,,,,,,,,,,,,,,,,,,,,,,,,,,,,,,,,,,,,,,,,,,,,,,,,,,,,,,,,,,,,,,,,,,,,,,,,,,,,,,,
33,http,www,loa,cnr,ontologies,dul,owl,designedartifact,,,,,,,,,,,,,,,,,,,,,,,,,,,,,,,,,,,,,,,,,,,,,,,,,,,,,,,,,,,,,,,,,,,,,,,,,,,,,,,,,,,
34,owl,class,rdf,http,www,loa,cnr,ontologies,dul,owl,designedartifact,,,,,,,,,,,,,,,,,,,,,,,,,,,,,,,,,,,,,,,,,,,,,,,,,,,,,,,,,,,,,,,,,,,,,,,,,,,,,,,,
35,http,www,loa,cnr,ontologies,dul,owl,event,,,,,,,,,,,,,,,,,,,,,,,,,,,,,,,,,,,,,,,,,,,,,,,,,,,,,,,,,,,,,,,,,,,,,,,,,,,,,,,,,,,
36,owl,class,rdf,http,www,loa,cnr,ontologies,dul,owl,event,,,,,,,,,,,,,,,,,,,,,,,,,,,,,,,,,,,,,,,,,,,,,,,,,,,,,,,,,,,,,,,,,,,,,,,,,,,,,,,,
37,http,www,loa,cnr,ontologies,dul,owl,informationobject,,,,,,,,,,,,,,,,,,,,,,,,,,,,,,,,,,,,,,,,,,,,,,,,,,,,,,,,,,,,,,,,,,,,,,,,,,,,,,,,,,,
38,owl,class,rdf,http,www,loa,cnr,ontologies,dul,owl,informationobject,,,,,,,,,,,,,,,,,,,,,,,,,,,,,,,,,,,,,,,,,,,,,,,,,,,,,,,,,,,,,,,,,,,,,,,,,,,,,,,,
39,http,www,loa,cnr,ontologies,dul,owl,method,,,,,,,,,,,,,,,,,,,,,,,,,,,,,,,,,,,,,,,,,,,,,,,,,,,,,,,,,,,,,,,,,,,,,,,,,,,,,,,,,,,
40,owl,class,rdf,http,www,loa,cnr,ontologies,dul,owl,method,,,,,,,,,,,,,,,,,,,,,,,,,,,,,,,,,,,,,,,,,,,,,,,,,,,,,,,,,,,,,,,,,,,,,,,,,,,,,,,,
41,http,www,loa,cnr,ontologies,dul,owl,object,,,,,,,,,,,,,,,,,,,,,,,,,,,,,,,,,,,,,,,,,,,,,,,,,,,,,,,,,,,,,,,,,,,,,,,,,,,,,,,,,,,
42,owl,class,rdf,http,www,loa,cnr,ontologies,dul,owl,object,,,,,,,,,,,,,,,,,,,,,,,,,,,,,,,,,,,,,,,,,,,,,,,,,,,,,,,,,,,,,,,,,,,,,,,,,,,,,,,,
43,http,www,loa,cnr,ontologies,dul,owl,physicalobject,,,,,,,,,,,,,,,,,,,,,,,,,,,,,,,,,,,,,,,,,,,,,,,,,,,,,,,,,,,,,,,,,,,,,,,,,,,,,,,,,,,
44,owl,class,rdf,http,www,loa,cnr,ontologies,dul,owl,physicalobject,,,,,,,,,,,,,,,,,,,,,,,,,,,,,,,,,,,,,,,,,,,,,,,,,,,,,,,,,,,,,,,,,,,,,,,,,,,,,,,,
45,http,www,loa,cnr,ontologies,dul,owl,process,,,,,,,,,,,,,,,,,,,,,,,,,,,,,,,,,,,,,,,,,,,,,,,,,,,,,,,,,,,,,,,,,,,,,,,,,,,,,,,,,,,
46,owl,class,rdf,http,www,loa,cnr,ontologies,dul,owl,process,,,,,,,,,,,,,,,,,,,,,,,,,,,,,,,,,,,,,,,,,,,,,,,,,,,,,,,,,,,,,,,,,,,,,,,,,,,,,,,,
47,http,www,loa,cnr,ontologies,dul,owl,quality,,,,,,,,,,,,,,,,,,,,,,,,,,,,,,,,,,,,,,,,,,,,,,,,,,,,,,,,,,,,,,,,,,,,,,,,,,,,,,,,,,,
48,owl,class,rdf,http,www,loa,cnr,ontologies,dul,owl,quality,,,,,,,,,,,,,,,,,,,,,,,,,,,,,,,,,,,,,,,,,,,,,,,,,,,,,,,,,,,,,,,,,,,,,,,,,,,,,,,,
49,http,www,loa,cnr,ontologies,dul,owl,region,,,,,,,,,,,,,,,,,,,,,,,,,,,,,,,,,,,,,,,,,,,,,,,,,,,,,,,,,,,,,,,,,,,,,,,,,,,,,,,,,,,
50,owl,class,rdf,http,www,loa,cnr,ontologies,dul,owl,region,,,,,,,,,,,,,,,,,,,,,,,,,,,,,,,,,,,,,,,,,,,,,,,,,,,,,,,,,,,,,,,,,,,,,,,,,,,,,,,,
51,http,www,loa,cnr,ontologies,dul,owl,situation,,,,,,,,,,,,,,,,,,,,,,,,,,,,,,,,,,,,,,,,,,,,,,,,,,,,,,,,,,,,,,,,,,,,,,,,,,,,,,,,,,,
52,owl,class,rdf,http,www,loa,cnr,ontologies,dul,owl,situation,,,,,,,,,,,,,,,,,,,,,,,,,,,,,,,,,,,,,,,,,,,,,,,,,,,,,,,,,,,,,,,,,,,,,,,,,,,,,,,,
53,http,www,loa,cnr,ontologies,dul,owl,describes,,,,,,,,,,,,,,,,,,,,,,,,,,,,,,,,,,,,,,,,,,,,,,,,,,,,,,,,,,,,,,,,,,,,,,,,,,,,,,,,,,,
54,owl,objectproperty,rdf,http,www,loa,cnr,ontologies,dul,owl,describes,,,,,,,,,,,,,,,,,,,,,,,,,,,,,,,,,,,,,,,,,,,,,,,,,,,,,,,,,,,,,,,,,,,,,,,,,,,,,,,,
55,http,www,loa,cnr,ontologies,dul,owl,haslocation,,,,,,,,,,,,,,,,,,,,,,,,,,,,,,,,,,,,,,,,,,,,,,,,,,,,,,,,,,,,,,,,,,,,,,,,,,,,,,,,,,,
56,owl,objectproperty,rdf,http,www,loa,cnr,ontologies,dul,owl,haslocation,,,,,,,,,,,,,,,,,,,,,,,,,,,,,,,,,,,,,,,,,,,,,,,,,,,,,,,,,,,,,,,,,,,,,,,,,,,,,,,,
57,http,www,loa,cnr,ontologies,dul,owl,haspart,,,,,,,,,,,,,,,,,,,,,,,,,,,,,,,,,,,,,,,,,,,,,,,,,,,,,,,,,,,,,,,,,,,,,,,,,,,,,,,,,,,
58,owl,objectproperty,rdf,http,www,loa,cnr,ontologies,dul,owl,haspart,,,,,,,,,,,,,,,,,,,,,,,,,,,,,,,,,,,,,,,,,,,,,,,,,,,,,,,,,,,,,,,,,,,,,,,,,,,,,,,,
59,http,www,loa,cnr,ontologies,dul,owl,hasparticipant,,,,,,,,,,,,,,,,,,,,,,,,,,,,,,,,,,,,,,,,,,,,,,,,,,,,,,,,,,,,,,,,,,,,,,,,,,,,,,,,,,,
60,owl,objectproperty,rdf,http,www,loa,cnr,ontologies,dul,owl,hasparticipant,,,,,,,,,,,,,,,,,,,,,,,,,,,,,,,,,,,,,,,,,,,,,,,,,,,,,,,,,,,,,,,,,,,,,,,,,,,,,,,,
61,http,www,loa,cnr,ontologies,dul,owl,hasquality,,,,,,,,,,,,,,,,,,,,,,,,,,,,,,,,,,,,,,,,,,,,,,,,,,,,,,,,,,,,,,,,,,,,,,,,,,,,,,,,,,,
62,owl,objectproperty,rdf,http,www,loa,cnr,ontologies,dul,owl,hasquality,,,,,,,,,,,,,,,,,,,,,,,,,,,,,,,,,,,,,,,,,,,,,,,,,,,,,,,,,,,,,,,,,,,,,,,,,,,,,,,,
63,http,www,loa,cnr,ontologies,dul,owl,hasregion,,,,,,,,,,,,,,,,,,,,,,,,,,,,,,,,,,,,,,,,,,,,,,,,,,,,,,,,,,,,,,,,,,,,,,,,,,,,,,,,,,,
64,owl,objectproperty,rdf,http,www,loa,cnr,ontologies,dul,owl,hasregion,,,,,,,,,,,,,,,,,,,,,,,,,,,,,,,,,,,,,,,,,,,,,,,,,,,,,,,,,,,,,,,,,,,,,,,,,,,,,,,,
65,http,www,loa,cnr,ontologies,dul,owl,includesevent,,,,,,,,,,,,,,,,,,,,,,,,,,,,,,,,,,,,,,,,,,,,,,,,,,,,,,,,,,,,,,,,,,,,,,,,,,,,,,,,,,,
66,owl,objectproperty,rdf,http,www,loa,cnr,ontologies,dul,owl,includesevent,,,,,,,,,,,,,,,,,,,,,,,,,,,,,,,,,,,,,,,,,,,,,,,,,,,,,,,,,,,,,,,,,,,,,,,,,,,,,,,,
67,http,www,loa,cnr,ontologies,dul,owl,includesobject,,,,,,,,,,,,,,,,,,,,,,,,,,,,,,,,,,,,,,,,,,,,,,,,,,,,,,,,,,,,,,,,,,,,,,,,,,,,,,,,,,,
68,owl,objectproperty,rdf,http,www,loa,cnr,ontologies,dul,owl,includesobject,,,,,,,,,,,,,,,,,,,,,,,,,,,,,,,,,,,,,,,,,,,,,,,,,,,,,,,,,,,,,,,,,,,,,,,,,,,,,,,,
69,http,www,loa,cnr,ontologies,dul,owl,isdescribedby,,,,,,,,,,,,,,,,,,,,,,,,,,,,,,,,,,,,,,,,,,,,,,,,,,,,,,,,,,,,,,,,,,,,,,,,,,,,,,,,,,,
70,owl,objectproperty,rdf,http,www,loa,cnr,ontologies,dul,owl,isdescribedby,,,,,,,,,,,,,,,,,,,,,,,,,,,,,,,,,,,,,,,,,,,,,,,,,,,,,,,,,,,,,,,,,,,,,,,,,,,,,,,,
71,http,www,loa,cnr,ontologies,dul,owl,islocationof,,,,,,,,,,,,,,,,,,,,,,,,,,,,,,,,,,,,,,,,,,,,,,,,,,,,,,,,,,,,,,,,,,,,,,,,,,,,,,,,,,,
72,owl,objectproperty,rdf,http,www,loa,cnr,ontologies,dul,owl,islocationof,,,,,,,,,,,,,,,,,,,,,,,,,,,,,,,,,,,,,,,,,,,,,,,,,,,,,,,,,,,,,,,,,,,,,,,,,,,,,,,,
73,http,www,loa,cnr,ontologies,dul,owl,isobjectincludedin,,,,,,,,,,,,,,,,,,,,,,,,,,,,,,,,,,,,,,,,,,,,,,,,,,,,,,,,,,,,,,,,,,,,,,,,,,,,,,,,,,,
74,owl,objectproperty,rdf,http,www,loa,cnr,ontologies,dul,owl,isobjectincludedin,,,,,,,,,,,,,,,,,,,,,,,,,,,,,,,,,,,,,,,,,,,,,,,,,,,,,,,,,,,,,,,,,,,,,,,,,,,,,,,,
75,http,www,loa,cnr,ontologies,dul,owl,isparticipantin,,,,,,,,,,,,,,,,,,,,,,,,,,,,,,,,,,,,,,,,,,,,,,,,,,,,,,,,,,,,,,,,,,,,,,,,,,,,,,,,,,,
76,owl,objectproperty,rdf,http,www,loa,cnr,ontologies,dul,owl,isparticipantin,,,,,,,,,,,,,,,,,,,,,,,,,,,,,,,,,,,,,,,,,,,,,,,,,,,,,,,,,,,,,,,,,,,,,,,,,,,,,,,,
77,http,www,loa,cnr,ontologies,dul,owl,isqualityof,,,,,,,,,,,,,,,,,,,,,,,,,,,,,,,,,,,,,,,,,,,,,,,,,,,,,,,,,,,,,,,,,,,,,,,,,,,,,,,,,,,
78,owl,objectproperty,rdf,http,www,loa,cnr,ontologies,dul,owl,isqualityof,,,,,,,,,,,,,,,,,,,,,,,,,,,,,,,,,,,,,,,,,,,,,,,,,,,,,,,,,,,,,,,,,,,,,,,,,,,,,,,,
79,http,www,loa,cnr,ontologies,dul,owl,isregionfor,,,,,,,,,,,,,,,,,,,,,,,,,,,,,,,,,,,,,,,,,,,,,,,,,,,,,,,,,,,,,,,,,,,,,,,,,,,,,,,,,,,
80,owl,objectproperty,rdf,http,www,loa,cnr,ontologies,dul,owl,isregionfor,,,,,,,,,,,,,,,,,,,,,,,,,,,,,,,,,,,,,,,,,,,,,,,,,,,,,,,,,,,,,,,,,,,,,,,,,,,,,,,,
81,http,www,loa,cnr,ontologies,dul,owl,issettingfor,,,,,,,,,,,,,,,,,,,,,,,,,,,,,,,,,,,,,,,,,,,,,,,,,,,,,,,,,,,,,,,,,,,,,,,,,,,,,,,,,,,
82,owl,objectproperty,rdf,http,www,loa,cnr,ontologies,dul,owl,issettingfor,,,,,,,,,,,,,,,,,,,,,,,,,,,,,,,,,,,,,,,,,,,,,,,,,,,,,,,,,,,,,,,,,,,,,,,,,,,,,,,,
83,http,www,loa,cnr,ontologies,dul,owl,satisfies,,,,,,,,,,,,,,,,,,,,,,,,,,,,,,,,,,,,,,,,,,,,,,,,,,,,,,,,,,,,,,,,,,,,,,,,,,,,,,,,,,,
84,owl,objectproperty,rdf,http,www,loa,cnr,ontologies,dul,owl,satisfies,,,,,,,,,,,,,,,,,,,,,,,,,,,,,,,,,,,,,,,,,,,,,,,,,,,,,,,,,,,,,,,,,,,,,,,,,,,,,,,,
85,skeleton,module,,,,,,,,,,,,,,,,,,,,,,,,,,,,,,,,,,,,,,,,,,,,,,,,,,,,,,,,,,,,,,,,,,,,,,,,,,,,,,,,,,,,,,,,,
86,classes,,,,,,,,,,,,,,,,,,,,,,,,,,,,,,,,,,,,,,,,,,,,,,,,,,,,,,,,,,,,,,,,,,,,,,,,,,,,,,,,,,,,,,,,,,
87,owl,class,rdf,http,purl,oclc,org,net,ssnx,ssn,featureofinterest,,,,,,,,,,,,,,,,,,,,,,,,,,,,,,,,,,,,,,,,,,,,,,,,,,,,,,,,,,,,,,,,,,,,,,,,,,,,,,,,
88,rdfs,label,feature,interest,rdfs,label,,,,,,,,,,,,,,,,,,,,,,,,,,,,,,,,,,,,,,,,,,,,,,,,,,,,,,,,,,,,,,,,,,,,,,,,,,,,,,,,,,,,,
89,rdfs,subclassof,rdf,resource,http,www,org,owl,thing,,,,,,,,,,,,,,,,,,,,,,,,,,,,,,,,,,,,,,,,,,,,,,,,,,,,,,,,,,,,,,,,,,,,,,,,,,,,,,,,,,
90,rdfs,subclassof,,,,,,,,,,,,,,,,,,,,,,,,,,,,,,,,,,,,,,,,,,,,,,,,,,,,,,,,,,,,,,,,,,,,,,,,,,,,,,,,,,,,,,,,,
91,owl,restriction,,,,,,,,,,,,,,,,,,,,,,,,,,,,,,,,,,,,,,,,,,,,,,,,,,,,,,,,,,,,,,,,,,,,,,,,,,,,,,,,,,,,,,,,,
92,owl,onproperty,rdf,resource,http,purl,oclc,org,net,ssnx,ssn,hasproperty,,,,,,,,,,,,,,,,,,,,,,,,,,,,,,,,,,,,,,,,,,,,,,,,,,,,,,,,,,,,,,,,,,,,,,,,,,,,,,,
93,owl,allvaluesfrom,rdf,resource,http,purl,oclc,org,net,ssnx,ssn,property,,,,,,,,,,,,,,,,,,,,,,,,,,,,,,,,,,,,,,,,,,,,,,,,,,,,,,,,,,,,,,,,,,,,,,,,,,,,,,,
99,owl,somevaluesfrom,rdf,resource,http,purl,oclc,org,net,ssnx,ssn,property,,,,,,,,,,,,,,,,,,,,,,,,,,,,,,,,,,,,,,,,,,,,,,,,,,,,,,,,,,,,,,,,,,,,,,,,,,,,,,,
103,owl,class,,,,,,,,,,,,,,,,,,,,,,,,,,,,,,,,,,,,,,,,,,,,,,,,,,,,,,,,,,,,,,,,,,,,,,,,,,,,,,,,,,,,,,,,,
104,owl,unionof,rdf,parsetype,collection,,,,,,,,,,,,,,,,,,,,,,,,,,,,,,,,,,,,,,,,,,,,,,,,,,,,,,,,,,,,,,,,,,,,,,,,,,,,,,,,,,,,,,
105,rdf,description,rdf,http,www,loa,cnr,ontologies,dul,owl,event,,,,,,,,,,,,,,,,,,,,,,,,,,,,,,,,,,,,,,,,,,,,,,,,,,,,,,,,,,,,,,,,,,,,,,,,,,,,,,,,
106,rdf,description,rdf,http,www,loa,cnr,ontologies,dul,owl,object,,,,,,,,,,,,,,,,,,,,,,,,,,,,,,,,,,,,,,,,,,,,,,,,,,,,,,,,,,,,,,,,,,,,,,,,,,,,,,,,
107,owl,unionof,,,,,,,,,,,,,,,,,,,,,,,,,,,,,,,,,,,,,,,,,,,,,,,,,,,,,,,,,,,,,,,,,,,,,,,,,,,,,,,,,,,,,,,,,
110,rdfs,isdefinedby,http,purl,oclc,org,net,ssnx,ssn,rdfs,isdefinedby,,,,,,,,,,,,,,,,,,,,,,,,,,,,,,,,,,,,,,,,,,,,,,,,,,,,,,,,,,,,,,,,,,,,,,,,,,,,,,,,
111,rdfs,comment,feature,abstraction,real,world,phenomena,thing,person,event,etc,rdfs,comment,,,,,,,,,,,,,,,,,,,,,,,,,,,,,,,,,,,,,,,,,,,,,,,,,,,,,,,,,,,,,,,,,,,,,,,,,,,,,,
112,rdfs,seealso,http,www,org,incubator,ssn,wiki,ssn,skeleton,skeleton,rdfs,seealso,,,,,,,,,,,,,,,,,,,,,,,,,,,,,,,,,,,,,,,,,,,,,,,,,,,,,,,,,,,,,,,,,,,,,,,,,,,,,,
113,dc,source,skos,exactmatch,feature,amp,,,,,,,,,,,,,,,,,,,,,,,,,,,,,,,,,,,,,,,,,,,,,,,,,,,,,,,,,,,,,,,,,,,,,,,,,,,,,,,,,,,,,
114,http,www,opengeospatial,org,standards,om,dc,source,,,,,,,,,,,,,,,,,,,,,,,,,,,,,,,,,,,,,,,,,,,,,,,,,,,,,,,,,,,,,,,,,,,,,,,,,,,,,,,,,,,
116,owl,class,rdf,http,purl,oclc,org,net,ssnx,ssn,observation,,,,,,,,,,,,,,,,,,,,,,,,,,,,,,,,,,,,,,,,,,,,,,,,,,,,,,,,,,,,,,,,,,,,,,,,,,,,,,,,
117,rdfs,label,observation,rdfs,label,,,,,,,,,,,,,,,,,,,,,,,,,,,,,,,,,,,,,,,,,,,,,,,,,,,,,,,,,,,,,,,,,,,,,,,,,,,,,,,,,,,,,,
118,rdfs,subclassof,rdf,resource,http,www,loa,cnr,ontologies,dul,owl,situation,,,,,,,,,,,,,,,,,,,,,,,,,,,,,,,,,,,,,,,,,,,,,,,,,,,,,,,,,,,,,,,,,,,,,,,,,,,,,,,
121,owl,onproperty,rdf,resource,http,purl,oclc,org,net,ssnx,ssn,observedproperty,,,,,,,,,,,,,,,,,,,,,,,,,,,,,,,,,,,,,,,,,,,,,,,,,,,,,,,,,,,,,,,,,,,,,,,,,,,,,,,
127,owl,onproperty,rdf,resource,http,purl,oclc,org,net,ssnx,ssn,sensingmethodused,,,,,,,,,,,,,,,,,,,,,,,,,,,,,,,,,,,,,,,,,,,,,,,,,,,,,,,,,,,,,,,,,,,,,,,,,,,,,,,
128,owl,onclass,rdf,resource,http,purl,oclc,org,net,ssnx,ssn,sensing,,,,,,,,,,,,,,,,,,,,,,,,,,,,,,,,,,,,,,,,,,,,,,,,,,,,,,,,,,,,,,,,,,,,,,,,,,,,,,,
129,owl,qualifiedcardinality,rdf,datatype,http,www,org,xmlschema,nonnegativeinteger,owl,qualifiedcardinality,,,,,,,,,,,,,,,,,,,,,,,,,,,,,,,,,,,,,,,,,,,,,,,,,,,,,,,,,,,,,,,,,,,,,,,,,,,,,,,,
134,owl,onproperty,rdf,resource,http,purl,oclc,org,net,ssnx,ssn,featureofinterest,,,,,,,,,,,,,,,,,,,,,,,,,,,,,,,,,,,,,,,,,,,,,,,,,,,,,,,,,,,,,,,,,,,,,,,,,,,,,,,
135,owl,onclass,rdf,resource,http,purl,oclc,org,net,ssnx,ssn,featureofinterest,,,,,,,,,,,,,,,,,,,,,,,,,,,,,,,,,,,,,,,,,,,,,,,,,,,,,,,,,,,,,,,,,,,,,,,,,,,,,,,
142,owl,allvaluesfrom,rdf,resource,http,purl,oclc,org,net,ssnx,ssn,sensing,,,,,,,,,,,,,,,,,,,,,,,,,,,,,,,,,,,,,,,,,,,,,,,,,,,,,,,,,,,,,,,,,,,,,,,,,,,,,,,
147,owl,onproperty,rdf,resource,http,www,loa,cnr,ontologies,dul,owl,includesevent,,,,,,,,,,,,,,,,,,,,,,,,,,,,,,,,,,,,,,,,,,,,,,,,,,,,,,,,,,,,,,,,,,,,,,,,,,,,,,,
148,owl,somevaluesfrom,rdf,resource,http,purl,oclc,org,net,ssnx,ssn,stimulus,,,,,,,,,,,,,,,,,,,,,,,,,,,,,,,,,,,,,,,,,,,,,,,,,,,,,,,,,,,,,,,,,,,,,,,,,,,,,,,
153,owl,onproperty,rdf,resource,http,purl,oclc,org,net,ssnx,ssn,observationresult,,,,,,,,,,,,,,,,,,,,,,,,,,,,,,,,,,,,,,,,,,,,,,,,,,,,,,,,,,,,,,,,,,,,,,,,,,,,,,,
154,owl,allvaluesfrom,rdf,resource,http,purl,oclc,org,net,ssnx,ssn,sensoroutput,,,,,,,,,,,,,,,,,,,,,,,,,,,,,,,,,,,,,,,,,,,,,,,,,,,,,,,,,,,,,,,,,,,,,,,,,,,,,,,
159,owl,onproperty,rdf,resource,http,purl,oclc,org,net,ssnx,ssn,observedby,,,,,,,,,,,,,,,,,,,,,,,,,,,,,,,,,,,,,,,,,,,,,,,,,,,,,,,,,,,,,,,,,,,,,,,,,,,,,,,
160,owl,onclass,rdf,resource,http,purl,oclc,org,net,ssnx,ssn,sensor,,,,,,,,,,,,,,,,,,,,,,,,,,,,,,,,,,,,,,,,,,,,,,,,,,,,,,,,,,,,,,,,,,,,,,,,,,,,,,,
167,owl,onclass,rdf,resource,http,purl,oclc,org,net,ssnx,ssn,property,,,,,,,,,,,,,,,,,,,,,,,,,,,,,,,,,,,,,,,,,,,,,,,,,,,,,,,,,,,,,,,,,,,,,,,,,,,,,,,
174,owl,allvaluesfrom,rdf,resource,http,purl,oclc,org,net,ssnx,ssn,sensor,,,,,,,,,,,,,,,,,,,,,,,,,,,,,,,,,,,,,,,,,,,,,,,,,,,,,,,,,,,,,,,,,,,,,,,,,,,,,,,
180,owl,allvaluesfrom,rdf,resource,http,purl,oclc,org,net,ssnx,ssn,featureofinterest,,,,,,,,,,,,,,,,,,,,,,,,,,,,,,,,,,,,,,,,,,,,,,,,,,,,,,,,,,,,,,,,,,,,,,,,,,,,,,,
184,rdfs,comment,observation,situation,sensing,method,used,estimate,calculate,value,property,featureofinterest,links,sensing,sensor,describe,made,observation,links,property,feature,detail,sensed,result,output,sensor,metadata,details,times,etc,rdfs,comment,,,,,,,,,,,,,,,,,,,,,,,,,,,,,,,,,,,,,,,,,,,,,,,,,,,,,,,,,,,
186,dc,source,skos,closematch,observation,amp,,,,,,,,,,,,,,,,,,,,,,,,,,,,,,,,,,,,,,,,,,,,,,,,,,,,,,,,,,,,,,,,,,,,,,,,,,,,,,,,,,,,,
187,http,www,opengeospatial,org,standards,om,,,,,,,,,,,,,,,,,,,,,,,,,,,,,,,,,,,,,,,,,,,,,,,,,,,,,,,,,,,,,,,,,,,,,,,,,,,,,,,,,,,,,
188,,,,,,,,,,,,,,,,,,,,,,,,,,,,,,,,,,,,,,,,,,,,,,,,,,,,,,,,,,,,,,,,,,,,,,,,,,,,,,,,,,,,,,,,,,,
189,observation,ontology,amp,described,differently,amp,records,observation,act,event,record,thing,essentially,interchangeable,difference,ontological,structure,data,use,,,,,,,,,,,,,,,,,,,,,,,,,,,,,,,,,,,,,,,,,,,,,,,,,,,,,,,,,,,,,,,,,,,,,,,,
191,observation,records,situation,estimation,value,property,description,method,used,along,participants,amp,interprets,observation,event,must,event,lead,situation,records,events,distinction,event,record,happened,event,,,,,,,,,,,,,,,,,,,,,,,,,,,,,,,,,,,,,,,,,,,,,,,,,,,,,,,,,,,,,,,,,
194,skos,closematch,measurement,result,vim,http,www,bipm,org,utils,common,documents,jcgm,jcgm,pdf,,,,,,,,,,,,,,,,,,,,,,,,,,,,,,,,,,,,,,,,,,,,,,,,,,,,,,,,,,,,,,,,,,,,,,,,,,,,
196,measurement,result,vim,measured,value,plus,relevant,information,means,measurement,result,observation,often,associated,data,value,time,property,etc,dc,source,,,,,,,,,,,,,,,,,,,,,,,,,,,,,,,,,,,,,,,,,,,,,,,,,,,,,,,,,,,,,,,,,,,,,,
197,remove,comment,generate,documentation,observation,split,skeleton,observation,aspects,,,,,,,,,,,,,,,,,,,,,,,,,,,,,,,,,,,,,,,,,,,,,,,,,,,,,,,,,,,,,,,,,,,,,,,,,,,,,,,,,,
206,owl,onproperty,rdf,resource,http,purl,oclc,org,net,ssnx,ssn,observationsamplingtime,,,,,,,,,,,,,,,,,,,,,,,,,,,,,,,,,,,,,,,,,,,,,,,,,,,,,,,,,,,,,,,,,,,,,,,,,,,,,,,
207,owl,mincardinality,rdf,datatype,http,www,org,xmlschema,nonnegativeinteger,owl,mincardinality,,,,,,,,,,,,,,,,,,,,,,,,,,,,,,,,,,,,,,,,,,,,,,,,,,,,,,,,,,,,,,,,,,,,,,,,,,,,,,,,
212,owl,onproperty,rdf,resource,http,purl,oclc,org,net,ssnx,ssn,observationresulttime,,,,,,,,,,,,,,,,,,,,,,,,,,,,,,,,,,,,,,,,,,,,,,,,,,,,,,,,,,,,,,,,,,,,,,,,,,,,,,,
218,owl,onproperty,rdf,resource,http,purl,oclc,org,net,ssnx,ssn,qualityofobservation,,,,,,,,,,,,,,,,,,,,,,,,,,,,,,,,,,,,,,,,,,,,,,,,,,,,,,,,,,,,,,,,,,,,,,,,,,,,,,,
223,owl,class,rdf,http,purl,oclc,org,net,ssnx,ssn,property,,,,,,,,,,,,,,,,,,,,,,,,,,,,,,,,,,,,,,,,,,,,,,,,,,,,,,,,,,,,,,,,,,,,,,,,,,,,,,,,
224,rdfs,label,property,rdfs,label,,,,,,,,,,,,,,,,,,,,,,,,,,,,,,,,,,,,,,,,,,,,,,,,,,,,,,,,,,,,,,,,,,,,,,,,,,,,,,,,,,,,,,
225,rdfs,subclassof,rdf,resource,http,www,loa,cnr,ontologies,dul,owl,quality,,,,,,,,,,,,,,,,,,,,,,,,,,,,,,,,,,,,,,,,,,,,,,,,,,,,,,,,,,,,,,,,,,,,,,,,,,,,,,,
228,owl,onproperty,rdf,resource,http,purl,oclc,org,net,ssnx,ssn,ispropertyof,,,,,,,,,,,,,,,,,,,,,,,,,,,,,,,,,,,,,,,,,,,,,,,,,,,,,,,,,,,,,,,,,,,,,,,,,,,,,,,
229,owl,somevaluesfrom,rdf,resource,http,purl,oclc,org,net,ssnx,ssn,featureofinterest,,,,,,,,,,,,,,,,,,,,,,,,,,,,,,,,,,,,,,,,,,,,,,,,,,,,,,,,,,,,,,,,,,,,,,,,,,,,,,,
234,rdfs,comment,observable,quality,event,object,quality,abstract,entity,allowed,dul,quality,rather,aspect,entity,intrinsic,can,not,exist,without,entity,observable,sensor,rdfs,comment,,,,,,,,,,,,,,,,,,,,,,,,,,,,,,,,,,,,,,,,,,,,,,,,,,,,,,,,,,,,,,,,,,
235,dc,source,skos,exactmatch,property,amp,,,,,,,,,,,,,,,,,,,,,,,,,,,,,,,,,,,,,,,,,,,,,,,,,,,,,,,,,,,,,,,,,,,,,,,,,,,,,,,,,,,,,
238,owl,class,rdf,http,purl,oclc,org,net,ssnx,ssn,sensing,,,,,,,,,,,,,,,,,,,,,,,,,,,,,,,,,,,,,,,,,,,,,,,,,,,,,,,,,,,,,,,,,,,,,,,,,,,,,,,,
239,rdfs,label,sensing,rdfs,label,,,,,,,,,,,,,,,,,,,,,,,,,,,,,,,,,,,,,,,,,,,,,,,,,,,,,,,,,,,,,,,,,,,,,,,,,,,,,,,,,,,,,,
240,rdfs,subclassof,rdf,resource,http,purl,oclc,org,net,ssnx,ssn,process,,,,,,,,,,,,,,,,,,,,,,,,,,,,,,,,,,,,,,,,,,,,,,,,,,,,,,,,,,,,,,,,,,,,,,,,,,,,,,,
242,rdfs,comment,sensing,process,results,estimation,calculation,value,phenomenon,rdfs,comment,,,,,,,,,,,,,,,,,,,,,,,,,,,,,,,,,,,,,,,,,,,,,,,,,,,,,,,,,,,,,,,,,,,,,,,,,,,,,,,,
243,dc,source,http,www,org,incubator,ssn,dc,source,,,,,,,,,,,,,,,,,,,,,,,,,,,,,,,,,,,,,,,,,,,,,,,,,,,,,,,,,,,,,,,,,,,,,,,,,,,,,,,,,,
246,owl,class,rdf,http,purl,oclc,org,net,ssnx,ssn,sensor,,,,,,,,,,,,,,,,,,,,,,,,,,,,,,,,,,,,,,,,,,,,,,,,,,,,,,,,,,,,,,,,,,,,,,,,,,,,,,,,
247,rdfs,label,sensor,rdfs,label,,,,,,,,,,,,,,,,,,,,,,,,,,,,,,,,,,,,,,,,,,,,,,,,,,,,,,,,,,,,,,,,,,,,,,,,,,,,,,,,,,,,,,
250,owl,onproperty,rdf,resource,http,purl,oclc,org,net,ssnx,ssn,implements,,,,,,,,,,,,,,,,,,,,,,,,,,,,,,,,,,,,,,,,,,,,,,,,,,,,,,,,,,,,,,,,,,,,,,,,,,,,,,,
251,owl,somevaluesfrom,rdf,resource,http,purl,oclc,org,net,ssnx,ssn,sensing,,,,,,,,,,,,,,,,,,,,,,,,,,,,,,,,,,,,,,,,,,,,,,,,,,,,,,,,,,,,,,,,,,,,,,,,,,,,,,,
254,rdfs,subclassof,rdf,resource,http,www,loa,cnr,ontologies,dul,owl,physicalobject,,,,,,,,,,,,,,,,,,,,,,,,,,,,,,,,,,,,,,,,,,,,,,,,,,,,,,,,,,,,,,,,,,,,,,,,,,,,,,,
257,owl,onproperty,rdf,resource,http,purl,oclc,org,net,ssnx,ssn,detects,,,,,,,,,,,,,,,,,,,,,,,,,,,,,,,,,,,,,,,,,,,,,,,,,,,,,,,,,,,,,,,,,,,,,,,,,,,,,,,
258,owl,allvaluesfrom,rdf,resource,http,purl,oclc,org,net,ssnx,ssn,stimulus,,,,,,,,,,,,,,,,,,,,,,,,,,,,,,,,,,,,,,,,,,,,,,,,,,,,,,,,,,,,,,,,,,,,,,,,,,,,,,,
263,owl,onproperty,rdf,resource,http,purl,oclc,org,net,ssnx,ssn,observes,,,,,,,,,,,,,,,,,,,,,,,,,,,,,,,,,,,,,,,,,,,,,,,,,,,,,,,,,,,,,,,,,,,,,,,,,,,,,,,
268,dc,source,skos,exactmatch,sensor,sensorml,ogc,,,,,,,,,,,,,,,,,,,,,,,,,,,,,,,,,,,,,,,,,,,,,,,,,,,,,,,,,,,,,,,,,,,,,,,,,,,,,,,,,,,,
269,http,www,opengeospatial,org,standards,sensorml,,,,,,,,,,,,,,,,,,,,,,,,,,,,,,,,,,,,,,,,,,,,,,,,,,,,,,,,,,,,,,,,,,,,,,,,,,,,,,,,,,,,,
271,skos,closematch,observation,procedure,amp,,,,,,,,,,,,,,,,,,,,,,,,,,,,,,,,,,,,,,,,,,,,,,,,,,,,,,,,,,,,,,,,,,,,,,,,,,,,,,,,,,,,,,
274,amp,allows,sensors,methods,instruments,systems,algorithms,process,chains,processused,observation,ontology,allows,similar,range,things,thing,sensing,grouped,term,sensor,thus,wider,amp,concept,dc,source,,,,,,,,,,,,,,,,,,,,,,,,,,,,,,,,,,,,,,,,,,,,,,,,,,,,,,,,,,,,,,,,
275,rdfs,comment,sensor,implements,sensing,sensor,entity,follow,sensing,method,thus,observe,property,featureofinterest,sensors,physical,devices,computational,methods,laboratory,setup,person,following,method,thing,follow,sensing,method,observe,property,rdfs,comment,,,,,,,,,,,,,,,,,,,,,,,,,,,,,,,,,,,,,,,,,,,,,,,,,,,,,,,,,,,
276,generate,documentation,observation,appearing,places,duplicate,replace,seealso,,,,,,,,,,,,,,,,,,,,,,,,,,,,,,,,,,,,,,,,,,,,,,,,,,,,,,,,,,,,,,,,,,,,,,,,,,,,,,,,,,,
277,rdfs,seealso,http,www,org,incubator,ssn,wiki,ssn,sensor,measuring,rdfs,seealso,,,,,,,,,,,,,,,,,,,,,,,,,,,,,,,,,,,,,,,,,,,,,,,,,,,,,,,,,,,,,,,,,,,,,,,,,,,,,,
279,remove,comment,split,generated,documentation,pieces,,,,,,,,,,,,,,,,,,,,,,,,,,,,,,,,,,,,,,,,,,,,,,,,,,,,,,,,,,,,,,,,,,,,,,,,,,,,,,,,,,,,,
288,owl,onproperty,rdf,resource,http,purl,oclc,org,net,ssnx,ssn,hasmeasurementcapability,,,,,,,,,,,,,,,,,,,,,,,,,,,,,,,,,,,,,,,,,,,,,,,,,,,,,,,,,,,,,,,,,,,,,,,,,,,,,,,
289,owl,allvaluesfrom,rdf,resource,http,purl,oclc,org,net,ssnx,ssn,measurementcapability,,,,,,,,,,,,,,,,,,,,,,,,,,,,,,,,,,,,,,,,,,,,,,,,,,,,,,,,,,,,,,,,,,,,,,,,,,,,,,,
293,owl,class,rdf,http,purl,oclc,org,net,ssnx,ssn,sensorinput,,,,,,,,,,,,,,,,,,,,,,,,,,,,,,,,,,,,,,,,,,,,,,,,,,,,,,,,,,,,,,,,,,,,,,,,,,,,,,,,
294,rdfs,label,sensor,input,rdfs,label,,,,,,,,,,,,,,,,,,,,,,,,,,,,,,,,,,,,,,,,,,,,,,,,,,,,,,,,,,,,,,,,,,,,,,,,,,,,,,,,,,,,,
295,owl,equivalentclass,rdf,resource,http,purl,oclc,org,net,ssnx,ssn,stimulus,,,,,,,,,,,,,,,,,,,,,,,,,,,,,,,,,,,,,,,,,,,,,,,,,,,,,,,,,,,,,,,,,,,,,,,,,,,,,,,
296,rdfs,subclassof,rdf,resource,http,www,loa,cnr,ontologies,dul,owl,event,,,,,,,,,,,,,,,,,,,,,,,,,,,,,,,,,,,,,,,,,,,,,,,,,,,,,,,,,,,,,,,,,,,,,,,,,,,,,,,
299,owl,onproperty,rdf,resource,http,purl,oclc,org,net,ssnx,ssn,isproxyfor,,,,,,,,,,,,,,,,,,,,,,,,,,,,,,,,,,,,,,,,,,,,,,,,,,,,,,,,,,,,,,,,,,,,,,,,,,,,,,,
306,rdfs,comment,event,real,world,triggers,sensor,properties,associated,stimulus,different,eventual,observed,property,event,object,triggers,sensor,rdfs,comment,,,,,,,,,,,,,,,,,,,,,,,,,,,,,,,,,,,,,,,,,,,,,,,,,,,,,,,,,,,,,,,,,,,,,,,
308,owl,class,rdf,http,purl,oclc,org,net,ssnx,ssn,sensoroutput,,,,,,,,,,,,,,,,,,,,,,,,,,,,,,,,,,,,,,,,,,,,,,,,,,,,,,,,,,,,,,,,,,,,,,,,,,,,,,,,
309,rdfs,label,sensor,output,rdfs,label,,,,,,,,,,,,,,,,,,,,,,,,,,,,,,,,,,,,,,,,,,,,,,,,,,,,,,,,,,,,,,,,,,,,,,,,,,,,,,,,,,,,,
310,rdfs,subclassof,rdf,resource,http,www,loa,cnr,ontologies,dul,owl,informationobject,,,,,,,,,,,,,,,,,,,,,,,,,,,,,,,,,,,,,,,,,,,,,,,,,,,,,,,,,,,,,,,,,,,,,,,,,,,,,,,
313,owl,onproperty,rdf,resource,http,purl,oclc,org,net,ssnx,ssn,hasvalue,,,,,,,,,,,,,,,,,,,,,,,,,,,,,,,,,,,,,,,,,,,,,,,,,,,,,,,,,,,,,,,,,,,,,,,,,,,,,,,
314,owl,somevaluesfrom,rdf,resource,http,purl,oclc,org,net,ssnx,ssn,observationvalue,,,,,,,,,,,,,,,,,,,,,,,,,,,,,,,,,,,,,,,,,,,,,,,,,,,,,,,,,,,,,,,,,,,,,,,,,,,,,,,
319,owl,onproperty,rdf,resource,http,purl,oclc,org,net,ssnx,ssn,isproducedby,,,,,,,,,,,,,,,,,,,,,,,,,,,,,,,,,,,,,,,,,,,,,,,,,,,,,,,,,,,,,,,,,,,,,,,,,,,,,,,
320,owl,somevaluesfrom,rdf,resource,http,purl,oclc,org,net,ssnx,ssn,sensor,,,,,,,,,,,,,,,,,,,,,,,,,,,,,,,,,,,,,,,,,,,,,,,,,,,,,,,,,,,,,,,,,,,,,,,,,,,,,,,
323,rdfs,comment,sensor,outputs,piece,information,observed,value,value,represented,observationvalue,rdfs,comment,,,,,,,,,,,,,,,,,,,,,,,,,,,,,,,,,,,,,,,,,,,,,,,,,,,,,,,,,,,,,,,,,,,,,,,,,,,,,,
324,dc,source,http,www,org,incubator,ssn,,,,,,,,,,,,,,,,,,,,,,,,,,,,,,,,,,,,,,,,,,,,,,,,,,,,,,,,,,,,,,,,,,,,,,,,,,,,,,,,,,,,
326,skos,closematch,observation,result,amp,,,,,,,,,,,,,,,,,,,,,,,,,,,,,,,,,,,,,,,,,,,,,,,,,,,,,,,,,,,,,,,,,,,,,,,,,,,,,,,,,,,,,,
329,see,comments,observationvalue,dc,source,,,,,,,,,,,,,,,,,,,,,,,,,,,,,,,,,,,,,,,,,,,,,,,,,,,,,,,,,,,,,,,,,,,,,,,,,,,,,,,,,,,,,,
333,owl,class,rdf,http,purl,oclc,org,net,ssnx,ssn,stimulus,,,,,,,,,,,,,,,,,,,,,,,,,,,,,,,,,,,,,,,,,,,,,,,,,,,,,,,,,,,,,,,,,,,,,,,,,,,,,,,,
334,rdfs,label,stimulus,rdfs,label,,,,,,,,,,,,,,,,,,,,,,,,,,,,,,,,,,,,,,,,,,,,,,,,,,,,,,,,,,,,,,,,,,,,,,,,,,,,,,,,,,,,,,
341,properties,,,,,,,,,,,,,,,,,,,,,,,,,,,,,,,,,,,,,,,,,,,,,,,,,,,,,,,,,,,,,,,,,,,,,,,,,,,,,,,,,,,,,,,,,,
342,owl,objectproperty,rdf,http,purl,oclc,org,net,ssnx,ssn,detects,,,,,,,,,,,,,,,,,,,,,,,,,,,,,,,,,,,,,,,,,,,,,,,,,,,,,,,,,,,,,,,,,,,,,,,,,,,,,,,,
343,rdfs,label,detects,rdfs,label,,,,,,,,,,,,,,,,,,,,,,,,,,,,,,,,,,,,,,,,,,,,,,,,,,,,,,,,,,,,,,,,,,,,,,,,,,,,,,,,,,,,,,
346,rdfs,comment,relation,sensor,stimulus,sensor,detect,,,,,,,,,,,,,,,,,,,,,,,,,,,,,,,,,,,,,,,,,,,,,,,,,,,,,,,,,,,,,,,,,,,,,,,,,,,,,,,,,,,,
347,stimulus,serving,proxy,see,isproxyof,observable,property,rdfs,comment,,,,,,,,,,,,,,,,,,,,,,,,,,,,,,,,,,,,,,,,,,,,,,,,,,,,,,,,,,,,,,,,,,,,,,,,,,,,,,,,,,
348,owl,objectproperty,,,,,,,,,,,,,,,,,,,,,,,,,,,,,,,,,,,,,,,,,,,,,,,,,,,,,,,,,,,,,,,,,,,,,,,,,,,,,,,,,,,,,,,,,
349,owl,objectproperty,rdf,http,purl,oclc,org,net,ssnx,ssn,featureofinterest,,,,,,,,,,,,,,,,,,,,,,,,,,,,,,,,,,,,,,,,,,,,,,,,,,,,,,,,,,,,,,,,,,,,,,,,,,,,,,,,
351,rdfs,comment,relation,observation,entity,whose,quality,observed,example,observation,weight,person,feature,interest,person,quality,weight,rdfs,comment,,,,,,,,,,,,,,,,,,,,,,,,,,,,,,,,,,,,,,,,,,,,,,,,,,,,,,,,,,,,,,,,,,,,,,,,
353,dc,source,skos,exactmatch,featureofinterest,amp,iso,dis,,,,,,,,,,,,,,,,,,,,,,,,,,,,,,,,,,,,,,,,,,,,,,,,,,,,,,,,,,,,,,,,,,,,,,,,,,,,,,,,,,,
354,http,portal,opengeospatial,org,files,artifact,id,dc,source,,,,,,,,,,,,,,,,,,,,,,,,,,,,,,,,,,,,,,,,,,,,,,,,,,,,,,,,,,,,,,,,,,,,,,,,,,,,,,,,,,
356,rdfs,subpropertyof,rdf,resource,http,www,loa,cnr,ontologies,dul,owl,issettingfor,,,,,,,,,,,,,,,,,,,,,,,,,,,,,,,,,,,,,,,,,,,,,,,,,,,,,,,,,,,,,,,,,,,,,,,,,,,,,,,
358,owl,objectproperty,rdf,http,purl,oclc,org,net,ssnx,ssn,forproperty,,,,,,,,,,,,,,,,,,,,,,,,,,,,,,,,,,,,,,,,,,,,,,,,,,,,,,,,,,,,,,,,,,,,,,,,,,,,,,,,
362,rdfs,comment,relation,aspect,sensing,entity,property,example,sensor,properties,observe,deployment,properties,installed,observe,measurement,capability,property,capability,described,used,conjunction,offeature,rdfs,comment,,,,,,,,,,,,,,,,,,,,,,,,,,,,,,,,,,,,,,,,,,,,,,,,,,,,,,,,,,,,,,,,,,
364,owl,objectproperty,rdf,http,purl,oclc,org,net,ssnx,ssn,hasproperty,,,,,,,,,,,,,,,,,,,,,,,,,,,,,,,,,,,,,,,,,,,,,,,,,,,,,,,,,,,,,,,,,,,,,,,,,,,,,,,,
366,owl,inverseof,rdf,resource,http,purl,oclc,org,net,ssnx,ssn,ispropertyof,,,,,,,,,,,,,,,,,,,,,,,,,,,,,,,,,,,,,,,,,,,,,,,,,,,,,,,,,,,,,,,,,,,,,,,,,,,,,,,
368,rdfs,comment,relation,featureofinterest,property,feature,rdfs,comment,,,,,,,,,,,,,,,,,,,,,,,,,,,,,,,,,,,,,,,,,,,,,,,,,,,,,,,,,,,,,,,,,,,,,,,,,,,,,,,,,,,
370,rdfs,subpropertyof,rdf,resource,http,www,loa,cnr,ontologies,dul,owl,hasquality,,,,,,,,,,,,,,,,,,,,,,,,,,,,,,,,,,,,,,,,,,,,,,,,,,,,,,,,,,,,,,,,,,,,,,,,,,,,,,,
372,owl,objectproperty,rdf,http,purl,oclc,org,net,ssnx,ssn,implementedby,,,,,,,,,,,,,,,,,,,,,,,,,,,,,,,,,,,,,,,,,,,,,,,,,,,,,,,,,,,,,,,,,,,,,,,,,,,,,,,,
373,rdfs,label,implemented,rdfs,label,,,,,,,,,,,,,,,,,,,,,,,,,,,,,,,,,,,,,,,,,,,,,,,,,,,,,,,,,,,,,,,,,,,,,,,,,,,,,,,,,,,,,,
376,rdfs,comment,relation,description,algorithm,procedure,method,entity,implements,method,executable,way,example,scientific,measuring,method,sensor,senses,via,method,rdfs,comment,,,,,,,,,,,,,,,,,,,,,,,,,,,,,,,,,,,,,,,,,,,,,,,,,,,,,,,,,,,,,,,,,,,,,
377,rdfs,subpropertyof,rdf,resource,http,www,loa,cnr,ontologies,dul,owl,describes,,,,,,,,,,,,,,,,,,,,,,,,,,,,,,,,,,,,,,,,,,,,,,,,,,,,,,,,,,,,,,,,,,,,,,,,,,,,,,,
379,owl,objectproperty,rdf,http,purl,oclc,org,net,ssnx,ssn,implements,,,,,,,,,,,,,,,,,,,,,,,,,,,,,,,,,,,,,,,,,,,,,,,,,,,,,,,,,,,,,,,,,,,,,,,,,,,,,,,,
380,rdfs,label,implements,rdfs,label,,,,,,,,,,,,,,,,,,,,,,,,,,,,,,,,,,,,,,,,,,,,,,,,,,,,,,,,,,,,,,,,,,,,,,,,,,,,,,,,,,,,,,
381,rdfs,comment,relation,entity,implements,method,executable,way,description,algorithm,procedure,method,example,sensor,scientific,measuring,method,sensor,uses,observe,property,rdfs,comment,,,,,,,,,,,,,,,,,,,,,,,,,,,,,,,,,,,,,,,,,,,,,,,,,,,,,,,,,,,,,,,,,,,,
384,owl,inverseof,rdf,resource,http,purl,oclc,org,net,ssnx,ssn,implementedby,,,,,,,,,,,,,,,,,,,,,,,,,,,,,,,,,,,,,,,,,,,,,,,,,,,,,,,,,,,,,,,,,,,,,,,,,,,,,,,
385,rdfs,subpropertyof,rdf,resource,http,www,loa,cnr,ontologies,dul,owl,isdescribedby,,,,,,,,,,,,,,,,,,,,,,,,,,,,,,,,,,,,,,,,,,,,,,,,,,,,,,,,,,,,,,,,,,,,,,,,,,,,,,,
387,owl,objectproperty,rdf,http,purl,oclc,org,net,ssnx,ssn,ispropertyof,,,,,,,,,,,,,,,,,,,,,,,,,,,,,,,,,,,,,,,,,,,,,,,,,,,,,,,,,,,,,,,,,,,,,,,,,,,,,,,,
389,owl,inverseof,rdf,resource,http,purl,oclc,org,net,ssnx,ssn,hasproperty,,,,,,,,,,,,,,,,,,,,,,,,,,,,,,,,,,,,,,,,,,,,,,,,,,,,,,,,,,,,,,,,,,,,,,,,,,,,,,,
392,rdfs,comment,relation,featureofinterest,property,quality,observable,sensor,feature,rdfs,comment,,,,,,,,,,,,,,,,,,,,,,,,,,,,,,,,,,,,,,,,,,,,,,,,,,,,,,,,,,,,,,,,,,,,,,,,,,,,,,,,
393,rdfs,subpropertyof,rdf,resource,http,www,loa,cnr,ontologies,dul,owl,isqualityof,,,,,,,,,,,,,,,,,,,,,,,,,,,,,,,,,,,,,,,,,,,,,,,,,,,,,,,,,,,,,,,,,,,,,,,,,,,,,,,
395,owl,objectproperty,rdf,http,purl,oclc,org,net,ssnx,ssn,isproxyfor,,,,,,,,,,,,,,,,,,,,,,,,,,,,,,,,,,,,,,,,,,,,,,,,,,,,,,,,,,,,,,,,,,,,,,,,,,,,,,,,
396,rdfs,label,isproxyfor,rdfs,label,,,,,,,,,,,,,,,,,,,,,,,,,,,,,,,,,,,,,,,,,,,,,,,,,,,,,,,,,,,,,,,,,,,,,,,,,,,,,,,,,,,,,,
399,rdfs,comment,relation,stimulus,property,stimulus,serving,proxy,example,expansion,quicksilver,stimulus,serves,proxy,temperature,increase,decrease,spinning,cups,wind,sensor,serving,proxy,wind,speed,rdfs,comment,,,,,,,,,,,,,,,,,,,,,,,,,,,,,,,,,,,,,,,,,,,,,,,,,,,,,,,,,,,,,,,,
401,owl,objectproperty,rdf,http,purl,oclc,org,net,ssnx,ssn,observationresult,,,,,,,,,,,,,,,,,,,,,,,,,,,,,,,,,,,,,,,,,,,,,,,,,,,,,,,,,,,,,,,,,,,,,,,,,,,,,,,,
402,rdfs,label,observation,result,rdfs,label,,,,,,,,,,,,,,,,,,,,,,,,,,,,,,,,,,,,,,,,,,,,,,,,,,,,,,,,,,,,,,,,,,,,,,,,,,,,,,,,,,,,,
405,dc,source,skos,closematch,result,amp,iso,dis,,,,,,,,,,,,,,,,,,,,,,,,,,,,,,,,,,,,,,,,,,,,,,,,,,,,,,,,,,,,,,,,,,,,,,,,,,,,,,,,,,,
407,rdfs,comment,relation,linking,observation,description,context,situation,observatioin,made,result,contains,value,representing,value,associated,observed,property,rdfs,comment,,,,,,,,,,,,,,,,,,,,,,,,,,,,,,,,,,,,,,,,,,,,,,,,,,,,,,,,,,,,,,,,,,,,,,,
410,owl,objectproperty,rdf,http,purl,oclc,org,net,ssnx,ssn,observedby,,,,,,,,,,,,,,,,,,,,,,,,,,,,,,,,,,,,,,,,,,,,,,,,,,,,,,,,,,,,,,,,,,,,,,,,,,,,,,,,
413,rdfs,subpropertyof,rdf,resource,http,www,loa,cnr,ontologies,dul,owl,includesobject,,,,,,,,,,,,,,,,,,,,,,,,,,,,,,,,,,,,,,,,,,,,,,,,,,,,,,,,,,,,,,,,,,,,,,,,,,,,,,,
415,owl,objectproperty,rdf,http,purl,oclc,org,net,ssnx,ssn,observedproperty,,,,,,,,,,,,,,,,,,,,,,,,,,,,,,,,,,,,,,,,,,,,,,,,,,,,,,,,,,,,,,,,,,,,,,,,,,,,,,,,
416,rdfs,label,observed,property,rdfs,label,,,,,,,,,,,,,,,,,,,,,,,,,,,,,,,,,,,,,,,,,,,,,,,,,,,,,,,,,,,,,,,,,,,,,,,,,,,,,,,,,,,,,
419,rdfs,comment,relation,linking,observation,property,observed,observedproperty,property,hasproperty,featureofinterest,linked,featureofinterest,observation,rdfs,comment,,,,,,,,,,,,,,,,,,,,,,,,,,,,,,,,,,,,,,,,,,,,,,,,,,,,,,,,,,,,,,,,,,,,,,,,,,,
420,dc,source,skos,exactmatch,observedproperty,amp,iso,dis,,,,,,,,,,,,,,,,,,,,,,,,,,,,,,,,,,,,,,,,,,,,,,,,,,,,,,,,,,,,,,,,,,,,,,,,,,,,,,,,,,,
424,owl,objectproperty,rdf,http,purl,oclc,org,net,ssnx,ssn,offeature,,,,,,,,,,,,,,,,,,,,,,,,,,,,,,,,,,,,,,,,,,,,,,,,,,,,,,,,,,,,,,,,,,,,,,,,,,,,,,,,
425,rdfs,label,feature,rdfs,label,,,,,,,,,,,,,,,,,,,,,,,,,,,,,,,,,,,,,,,,,,,,,,,,,,,,,,,,,,,,,,,,,,,,,,,,,,,,,,,,,,,,,,
426,rdfs,comment,relation,aspect,sensing,entity,feature,example,sensor,features,observe,properties,deployment,features,installed,observe,measurement,capability,feature,capability,described,used,conjunction,forproperty,rdfs,comment,,,,,,,,,,,,,,,,,,,,,,,,,,,,,,,,,,,,,,,,,,,,,,,,,,,,,,,,,,,,,,,,,
430,owl,objectproperty,rdf,http,purl,oclc,org,net,ssnx,ssn,sensingmethodused,,,,,,,,,,,,,,,,,,,,,,,,,,,,,,,,,,,,,,,,,,,,,,,,,,,,,,,,,,,,,,,,,,,,,,,,,,,,,,,,
431,rdfs,label,sensing,method,used,rdfs,label,,,,,,,,,,,,,,,,,,,,,,,,,,,,,,,,,,,,,,,,,,,,,,,,,,,,,,,,,,,,,,,,,,,,,,,,,,,,,,,,,,,,
433,dc,source,http,www,bipm,org,en,committees,jc,jcgm,wg,html,dc,source,,,,,,,,,,,,,,,,,,,,,,,,,,,,,,,,,,,,,,,,,,,,,,,,,,,,,,,,,,,,,,,,,,,,,,,,,,,,,
434,rdfs,comment,measurement,procedure,detailed,description,measurement,according,measurement,principles,given,measurement,method,based,measurement,model,including,calculation,obtain,measurement,result,vim,rdfs,comment,,,,,,,,,,,,,,,,,,,,,,,,,,,,,,,,,,,,,,,,,,,,,,,,,,,,,,,,,,,,,,,,,,,
436,rdfs,subpropertyof,rdf,resource,http,www,loa,cnr,ontologies,dul,owl,satisfies,,,,,,,,,,,,,,,,,,,,,,,,,,,,,,,,,,,,,,,,,,,,,,,,,,,,,,,,,,,,,,,,,,,,,,,,,,,,,,,
439,owl,class,rdf,http,purl,oclc,org,net,ssnx,ssn,system,,,,,,,,,,,,,,,,,,,,,,,,,,,,,,,,,,,,,,,,,,,,,,,,,,,,,,,,,,,,,,,,,,,,,,,,,,,,,,,,
440,rdfs,label,system,rdfs,label,,,,,,,,,,,,,,,,,,,,,,,,,,,,,,,,,,,,,,,,,,,,,,,,,,,,,,,,,,,,,,,,,,,,,,,,,,,,,,,,,,,,,,
444,owl,onproperty,rdf,resource,http,purl,oclc,org,net,ssnx,ssn,hasoperatingrange,,,,,,,,,,,,,,,,,,,,,,,,,,,,,,,,,,,,,,,,,,,,,,,,,,,,,,,,,,,,,,,,,,,,,,,,,,,,,,,
445,owl,allvaluesfrom,rdf,resource,http,purl,oclc,org,net,ssnx,ssn,operatingrange,,,,,,,,,,,,,,,,,,,,,,,,,,,,,,,,,,,,,,,,,,,,,,,,,,,,,,,,,,,,,,,,,,,,,,,,,,,,,,,
450,owl,onproperty,rdf,resource,http,purl,oclc,org,net,ssnx,ssn,hassubsystem,,,,,,,,,,,,,,,,,,,,,,,,,,,,,,,,,,,,,,,,,,,,,,,,,,,,,,,,,,,,,,,,,,,,,,,,,,,,,,,
451,owl,somevaluesfrom,rdf,resource,http,purl,oclc,org,net,ssnx,ssn,system,,,,,,,,,,,,,,,,,,,,,,,,,,,,,,,,,,,,,,,,,,,,,,,,,,,,,,,,,,,,,,,,,,,,,,,,,,,,,,,
457,owl,allvaluesfrom,rdf,resource,http,purl,oclc,org,net,ssnx,ssn,system,,,,,,,,,,,,,,,,,,,,,,,,,,,,,,,,,,,,,,,,,,,,,,,,,,,,,,,,,,,,,,,,,,,,,,,,,,,,,,,
462,owl,onproperty,rdf,resource,http,purl,oclc,org,net,ssnx,ssn,hasdeployment,,,,,,,,,,,,,,,,,,,,,,,,,,,,,,,,,,,,,,,,,,,,,,,,,,,,,,,,,,,,,,,,,,,,,,,,,,,,,,,
463,owl,allvaluesfrom,rdf,resource,http,purl,oclc,org,net,ssnx,ssn,deployment,,,,,,,,,,,,,,,,,,,,,,,,,,,,,,,,,,,,,,,,,,,,,,,,,,,,,,,,,,,,,,,,,,,,,,,,,,,,,,,
468,owl,onproperty,rdf,resource,http,purl,oclc,org,net,ssnx,ssn,hassurvivalrange,,,,,,,,,,,,,,,,,,,,,,,,,,,,,,,,,,,,,,,,,,,,,,,,,,,,,,,,,,,,,,,,,,,,,,,,,,,,,,,
469,owl,allvaluesfrom,rdf,resource,http,purl,oclc,org,net,ssnx,ssn,survivalrange,,,,,,,,,,,,,,,,,,,,,,,,,,,,,,,,,,,,,,,,,,,,,,,,,,,,,,,,,,,,,,,,,,,,,,,,,,,,,,,
474,owl,onproperty,rdf,resource,http,purl,oclc,org,net,ssnx,ssn,onplatform,,,,,,,,,,,,,,,,,,,,,,,,,,,,,,,,,,,,,,,,,,,,,,,,,,,,,,,,,,,,,,,,,,,,,,,,,,,,,,,
475,owl,allvaluesfrom,rdf,resource,http,purl,oclc,org,net,ssnx,ssn,platform,,,,,,,,,,,,,,,,,,,,,,,,,,,,,,,,,,,,,,,,,,,,,,,,,,,,,,,,,,,,,,,,,,,,,,,,,,,,,,,
478,rdfs,seealso,http,www,org,incubator,ssn,wiki,ssn,model,system,rdfs,seealso,,,,,,,,,,,,,,,,,,,,,,,,,,,,,,,,,,,,,,,,,,,,,,,,,,,,,,,,,,,,,,,,,,,,,,,,,,,,,,
480,rdfs,comment,system,unit,abstraction,pieces,infrastructure,largely,care,sensing,system,components,subsystems,systems,rdfs,comment,,,,,,,,,,,,,,,,,,,,,,,,,,,,,,,,,,,,,,,,,,,,,,,,,,,,,,,,,,,,,,,,,,,,,,,,,,,
484,owl,objectproperty,rdf,http,purl,oclc,org,net,ssnx,ssn,hassubsystem,,,,,,,,,,,,,,,,,,,,,,,,,,,,,,,,,,,,,,,,,,,,,,,,,,,,,,,,,,,,,,,,,,,,,,,,,,,,,,,,
485,rdfs,label,subsystem,rdfs,label,,,,,,,,,,,,,,,,,,,,,,,,,,,,,,,,,,,,,,,,,,,,,,,,,,,,,,,,,,,,,,,,,,,,,,,,,,,,,,,,,,,,,,
486,rdfs,comment,haspart,relation,system,parts,rdfs,comment,,,,,,,,,,,,,,,,,,,,,,,,,,,,,,,,,,,,,,,,,,,,,,,,,,,,,,,,,,,,,,,,,,,,,,,,,,,,,,,,,,,
489,rdfs,subpropertyof,rdf,resource,http,www,loa,cnr,ontologies,dul,owl,haspart,,,,,,,,,,,,,,,,,,,,,,,,,,,,,,,,,,,,,,,,,,,,,,,,,,,,,,,,,,,,,,,,,,,,,,,,,,,,,,,
492,owl,class,rdf,http,purl,oclc,org,net,ssnx,ssn,input,,,,,,,,,,,,,,,,,,,,,,,,,,,,,,,,,,,,,,,,,,,,,,,,,,,,,,,,,,,,,,,,,,,,,,,,,,,,,,,,
493,rdfs,label,input,rdfs,label,,,,,,,,,,,,,,,,,,,,,,,,,,,,,,,,,,,,,,,,,,,,,,,,,,,,,,,,,,,,,,,,,,,,,,,,,,,,,,,,,,,,,,
494,owl,disjointwith,rdf,resource,http,purl,oclc,org,net,ssnx,ssn,output,,,,,,,,,,,,,,,,,,,,,,,,,,,,,,,,,,,,,,,,,,,,,,,,,,,,,,,,,,,,,,,,,,,,,,,,,,,,,,,
495,dc,source,http,marinemetadata,org,community,teams,ontdevices,dc,source,,,,,,,,,,,,,,,,,,,,,,,,,,,,,,,,,,,,,,,,,,,,,,,,,,,,,,,,,,,,,,,,,,,,,,,,,,,,,,,,,
496,rdfs,seealso,http,www,org,incubator,ssn,wiki,ssn,model,process,rdfs,seealso,,,,,,,,,,,,,,,,,,,,,,,,,,,,,,,,,,,,,,,,,,,,,,,,,,,,,,,,,,,,,,,,,,,,,,,,,,,,,,
498,rdfs,comment,information,provided,process,use,mmi,ontdev,rdfs,comment,,,,,,,,,,,,,,,,,,,,,,,,,,,,,,,,,,,,,,,,,,,,,,,,,,,,,,,,,,,,,,,,,,,,,,,,,,,,,,,,,
500,owl,class,rdf,http,purl,oclc,org,net,ssnx,ssn,output,,,,,,,,,,,,,,,,,,,,,,,,,,,,,,,,,,,,,,,,,,,,,,,,,,,,,,,,,,,,,,,,,,,,,,,,,,,,,,,,
501,rdfs,label,output,rdfs,label,,,,,,,,,,,,,,,,,,,,,,,,,,,,,,,,,,,,,,,,,,,,,,,,,,,,,,,,,,,,,,,,,,,,,,,,,,,,,,,,,,,,,,
502,rdfs,comment,information,reported,process,mmi,ontdev,rdfs,comment,,,,,,,,,,,,,,,,,,,,,,,,,,,,,,,,,,,,,,,,,,,,,,,,,,,,,,,,,,,,,,,,,,,,,,,,,,,,,,,,,,
507,owl,class,rdf,http,purl,oclc,org,net,ssnx,ssn,process,,,,,,,,,,,,,,,,,,,,,,,,,,,,,,,,,,,,,,,,,,,,,,,,,,,,,,,,,,,,,,,,,,,,,,,,,,,,,,,,
508,rdfs,label,process,rdfs,label,,,,,,,,,,,,,,,,,,,,,,,,,,,,,,,,,,,,,,,,,,,,,,,,,,,,,,,,,,,,,,,,,,,,,,,,,,,,,,,,,,,,,,
509,rdfs,subclassof,rdf,resource,http,www,loa,cnr,ontologies,dul,owl,method,,,,,,,,,,,,,,,,,,,,,,,,,,,,,,,,,,,,,,,,,,,,,,,,,,,,,,,,,,,,,,,,,,,,,,,,,,,,,,,
512,owl,onproperty,rdf,resource,http,purl,oclc,org,net,ssnx,ssn,hasoutput,,,,,,,,,,,,,,,,,,,,,,,,,,,,,,,,,,,,,,,,,,,,,,,,,,,,,,,,,,,,,,,,,,,,,,,,,,,,,,,
513,owl,allvaluesfrom,rdf,resource,http,purl,oclc,org,net,ssnx,ssn,output,,,,,,,,,,,,,,,,,,,,,,,,,,,,,,,,,,,,,,,,,,,,,,,,,,,,,,,,,,,,,,,,,,,,,,,,,,,,,,,
518,owl,onproperty,rdf,resource,http,purl,oclc,org,net,ssnx,ssn,hasinput,,,,,,,,,,,,,,,,,,,,,,,,,,,,,,,,,,,,,,,,,,,,,,,,,,,,,,,,,,,,,,,,,,,,,,,,,,,,,,,
519,owl,allvaluesfrom,rdf,resource,http,purl,oclc,org,net,ssnx,ssn,input,,,,,,,,,,,,,,,,,,,,,,,,,,,,,,,,,,,,,,,,,,,,,,,,,,,,,,,,,,,,,,,,,,,,,,,,,,,,,,,
525,owl,somevaluesfrom,rdf,resource,http,purl,oclc,org,net,ssnx,ssn,output,,,,,,,,,,,,,,,,,,,,,,,,,,,,,,,,,,,,,,,,,,,,,,,,,,,,,,,,,,,,,,,,,,,,,,,,,,,,,,,
529,rdfs,comment,process,output,possibly,inputs,composite,process,describes,temporal,dataflow,dependencies,relationships,amongst,parts,ssn,xg,rdfs,comment,,,,,,,,,,,,,,,,,,,,,,,,,,,,,,,,,,,,,,,,,,,,,,,,,,,,,,,,,,,,,,,,,,,,,,,,
534,owl,objectproperty,rdf,http,purl,oclc,org,net,ssnx,ssn,hasinput,,,,,,,,,,,,,,,,,,,,,,,,,,,,,,,,,,,,,,,,,,,,,,,,,,,,,,,,,,,,,,,,,,,,,,,,,,,,,,,,
539,owl,objectproperty,rdf,http,purl,oclc,org,net,ssnx,ssn,hasoutput,,,,,,,,,,,,,,,,,,,,,,,,,,,,,,,,,,,,,,,,,,,,,,,,,,,,,,,,,,,,,,,,,,,,,,,,,,,,,,,,
544,owl,objectproperty,rdf,http,purl,oclc,org,net,ssnx,ssn,isproducedby,,,,,,,,,,,,,,,,,,,,,,,,,,,,,,,,,,,,,,,,,,,,,,,,,,,,,,,,,,,,,,,,,,,,,,,,,,,,,,,,
545,rdfs,label,produced,rdfs,label,,,,,,,,,,,,,,,,,,,,,,,,,,,,,,,,,,,,,,,,,,,,,,,,,,,,,,,,,,,,,,,,,,,,,,,,,,,,,,,,,,,,,,
546,rdfs,comment,relation,producer,produced,entity,example,sensor,produced,output,rdfs,comment,,,,,,,,,,,,,,,,,,,,,,,,,,,,,,,,,,,,,,,,,,,,,,,,,,,,,,,,,,,,,,,,,,,,,,,,,,,,,,,
551,owl,class,rdf,http,purl,oclc,org,net,ssnx,ssn,sensingdevice,,,,,,,,,,,,,,,,,,,,,,,,,,,,,,,,,,,,,,,,,,,,,,,,,,,,,,,,,,,,,,,,,,,,,,,,,,,,,,,,
552,rdfs,label,sensing,device,rdfs,label,,,,,,,,,,,,,,,,,,,,,,,,,,,,,,,,,,,,,,,,,,,,,,,,,,,,,,,,,,,,,,,,,,,,,,,,,,,,,,,,,,,,,
553,rdfs,subclassof,rdf,resource,http,purl,oclc,org,net,ssnx,ssn,device,,,,,,,,,,,,,,,,,,,,,,,,,,,,,,,,,,,,,,,,,,,,,,,,,,,,,,,,,,,,,,,,,,,,,,,,,,,,,,,
554,rdfs,subclassof,rdf,resource,http,purl,oclc,org,net,ssnx,ssn,sensor,,,,,,,,,,,,,,,,,,,,,,,,,,,,,,,,,,,,,,,,,,,,,,,,,,,,,,,,,,,,,,,,,,,,,,,,,,,,,,,
556,rdfs,comment,sensing,device,device,implements,sensing,rdfs,comment,,,,,,,,,,,,,,,,,,,,,,,,,,,,,,,,,,,,,,,,,,,,,,,,,,,,,,,,,,,,,,,,,,,,,,,,,,,,,,,,,,
560,remove,comment,sensor,appearing,places,generated,documentation,,,,,,,,,,,,,,,,,,,,,,,,,,,,,,,,,,,,,,,,,,,,,,,,,,,,,,,,,,,,,,,,,,,,,,,,,,,,,,,,,,,,
566,owl,class,rdf,http,purl,oclc,org,net,ssnx,ssn,sensordatasheet,,,,,,,,,,,,,,,,,,,,,,,,,,,,,,,,,,,,,,,,,,,,,,,,,,,,,,,,,,,,,,,,,,,,,,,,,,,,,,,,
567,rdfs,label,sensor,data,sheet,rdfs,label,,,,,,,,,,,,,,,,,,,,,,,,,,,,,,,,,,,,,,,,,,,,,,,,,,,,,,,,,,,,,,,,,,,,,,,,,,,,,,,,,,,,
570,rdfs,comment,data,sheet,records,properties,sensor,data,sheet,might,describe,example,accuracy,various,conditions,power,use,types,connectors,sensor,etc,,,,,,,,,,,,,,,,,,,,,,,,,,,,,,,,,,,,,,,,,,,,,,,,,,,,,,,,,,,,,,,,,,,,,,
572,generally,sensor,properties,recorded,directly,hasmeasurementcapability,example,data,sheet,used,example,record,manufacturers,specifications,verses,observed,capabilites,known,manufacturer,specifies,etc,data,sheet,information,object,sensor,properties,rather,direct,link,actual,properties,rdfs,comment,,,,,,,,,,,,,,,,,,,,,,,,,,,,,,,,,,,,,,,,,,,,,,,,,,,,,,,,,
577,owl,objectproperty,rdf,http,purl,oclc,org,net,ssnx,ssn,observes,,,,,,,,,,,,,,,,,,,,,,,,,,,,,,,,,,,,,,,,,,,,,,,,,,,,,,,,,,,,,,,,,,,,,,,,,,,,,,,,
578,rdfs,label,observes,rdfs,label,,,,,,,,,,,,,,,,,,,,,,,,,,,,,,,,,,,,,,,,,,,,,,,,,,,,,,,,,,,,,,,,,,,,,,,,,,,,,,,,,,,,,,
581,rdfs,comment,relation,sensor,property,sensor,observe,,,,,,,,,,,,,,,,,,,,,,,,,,,,,,,,,,,,,,,,,,,,,,,,,,,,,,,,,,,,,,,,,,,,,,,,,,,,,,,,,,,,
583,note,given,dul,modelling,qualities,sensor,defined,observes,windspeed,technically,links,sensor,particular,instances,windspeed,concept,owl,express,concept,concept,relations,individual,individual,property,composition,ensures,observation,made,particular,quality,infer,sensor,observes,quality,rdfs,comment,,,,,,,,,,,,,,,,,,,,,,,,,,,,,,,,,,,,,,,,,,,,,,,,,,,,,,,
584,owl,propertychainaxiom,rdf,parsetype,collection,,,,,,,,,,,,,,,,,,,,,,,,,,,,,,,,,,,,,,,,,,,,,,,,,,,,,,,,,,,,,,,,,,,,,,,,,,,,,,,,,,,,,,
585,rdf,description,rdf,http,purl,oclc,org,net,ssnx,ssn,hasmeasurementcapability,,,,,,,,,,,,,,,,,,,,,,,,,,,,,,,,,,,,,,,,,,,,,,,,,,,,,,,,,,,,,,,,,,,,,,,,,,,,,,,,
586,rdf,description,rdf,http,purl,oclc,org,net,ssnx,ssn,forproperty,,,,,,,,,,,,,,,,,,,,,,,,,,,,,,,,,,,,,,,,,,,,,,,,,,,,,,,,,,,,,,,,,,,,,,,,,,,,,,,,
587,owl,propertychainaxiom,,,,,,,,,,,,,,,,,,,,,,,,,,,,,,,,,,,,,,,,,,,,,,,,,,,,,,,,,,,,,,,,,,,,,,,,,,,,,,,,,,,,,,,,,
589,rdf,description,rdf,http,purl,oclc,org,net,ssnx,ssn,madeobservation,,,,,,,,,,,,,,,,,,,,,,,,,,,,,,,,,,,,,,,,,,,,,,,,,,,,,,,,,,,,,,,,,,,,,,,,,,,,,,,,
590,rdf,description,rdf,http,purl,oclc,org,net,ssnx,ssn,observedproperty,,,,,,,,,,,,,,,,,,,,,,,,,,,,,,,,,,,,,,,,,,,,,,,,,,,,,,,,,,,,,,,,,,,,,,,,,,,,,,,,
594,owl,class,rdf,http,purl,oclc,org,net,ssnx,ssn,accuracy,,,,,,,,,,,,,,,,,,,,,,,,,,,,,,,,,,,,,,,,,,,,,,,,,,,,,,,,,,,,,,,,,,,,,,,,,,,,,,,,
595,rdfs,label,accuracy,rdfs,label,,,,,,,,,,,,,,,,,,,,,,,,,,,,,,,,,,,,,,,,,,,,,,,,,,,,,,,,,,,,,,,,,,,,,,,,,,,,,,,,,,,,,,
596,rdfs,subclassof,rdf,resource,http,purl,oclc,org,net,ssnx,ssn,measurementproperty,,,,,,,,,,,,,,,,,,,,,,,,,,,,,,,,,,,,,,,,,,,,,,,,,,,,,,,,,,,,,,,,,,,,,,,,,,,,,,,
597,dc,source,skos,exactmatch,measurement,accuracy,accuracy,vim,,,,,,,,,,,,,,,,,,,,,,,,,,,,,,,,,,,,,,,,,,,,,,,,,,,,,,,,,,,,,,,,,,,,,,,,,,,,,,,,,,,
598,http,www,bipm,org,utils,common,documents,jcgm,jcgm,pdf,dc,source,,,,,,,,,,,,,,,,,,,,,,,,,,,,,,,,,,,,,,,,,,,,,,,,,,,,,,,,,,,,,,,,,,,,,,,,,,,,,,,
600,rdfs,comment,closeness,agreement,value,observation,true,value,observed,quality,rdfs,comment,,,,,,,,,,,,,,,,,,,,,,,,,,,,,,,,,,,,,,,,,,,,,,,,,,,,,,,,,,,,,,,,,,,,,,,,,,,,,,,
601,rdfs,seealso,http,www,org,incubator,ssn,wiki,ssn,sensor,measuringcapability,rdfs,seealso,,,,,,,,,,,,,,,,,,,,,,,,,,,,,,,,,,,,,,,,,,,,,,,,,,,,,,,,,,,,,,,,,,,,,,,,,,,,,,
603,owl,class,rdf,http,purl,oclc,org,net,ssnx,ssn,detectionlimit,,,,,,,,,,,,,,,,,,,,,,,,,,,,,,,,,,,,,,,,,,,,,,,,,,,,,,,,,,,,,,,,,,,,,,,,,,,,,,,,
604,rdfs,label,detection,limit,rdfs,label,,,,,,,,,,,,,,,,,,,,,,,,,,,,,,,,,,,,,,,,,,,,,,,,,,,,,,,,,,,,,,,,,,,,,,,,,,,,,,,,,,,,,
606,dc,source,skos,exactmatch,detection,limit,vim,,,,,,,,,,,,,,,,,,,,,,,,,,,,,,,,,,,,,,,,,,,,,,,,,,,,,,,,,,,,,,,,,,,,,,,,,,,,,,,,,,,,
610,rdfs,comment,observed,value,probability,falsely,claiming,absence,component,material,î²,given,probability,î,falsely,claiming,presence,rdfs,comment,,,,,,,,,,,,,,,,,,,,,,,,,,,,,,,,,,,,,,,,,,,,,,,,,,,,,,,,,,,,,,,,,,,,,,,,
612,owl,class,rdf,http,purl,oclc,org,net,ssnx,ssn,drift,,,,,,,,,,,,,,,,,,,,,,,,,,,,,,,,,,,,,,,,,,,,,,,,,,,,,,,,,,,,,,,,,,,,,,,,,,,,,,,,
613,rdfs,label,drift,rdfs,label,,,,,,,,,,,,,,,,,,,,,,,,,,,,,,,,,,,,,,,,,,,,,,,,,,,,,,,,,,,,,,,,,,,,,,,,,,,,,,,,,,,,,,
616,rdfs,comment,continuous,incremental,change,reported,values,observations,time,unchanging,quality,rdfs,comment,,,,,,,,,,,,,,,,,,,,,,,,,,,,,,,,,,,,,,,,,,,,,,,,,,,,,,,,,,,,,,,,,,,,,,,,,,,,,,
617,dc,source,skos,exactmatch,instrumental,drift,vim,,,,,,,,,,,,,,,,,,,,,,,,,,,,,,,,,,,,,,,,,,,,,,,,,,,,,,,,,,,,,,,,,,,,,,,,,,,,,,,,,,,,
621,owl,class,rdf,http,purl,oclc,org,net,ssnx,ssn,frequency,,,,,,,,,,,,,,,,,,,,,,,,,,,,,,,,,,,,,,,,,,,,,,,,,,,,,,,,,,,,,,,,,,,,,,,,,,,,,,,,
622,rdfs,label,frequency,rdfs,label,,,,,,,,,,,,,,,,,,,,,,,,,,,,,,,,,,,,,,,,,,,,,,,,,,,,,,,,,,,,,,,,,,,,,,,,,,,,,,,,,,,,,,
624,rdfs,comment,smallest,possible,time,observation,next,rdfs,comment,,,,,,,,,,,,,,,,,,,,,,,,,,,,,,,,,,,,,,,,,,,,,,,,,,,,,,,,,,,,,,,,,,,,,,,,,,,,,,,,,,
628,owl,class,rdf,http,purl,oclc,org,net,ssnx,ssn,latency,,,,,,,,,,,,,,,,,,,,,,,,,,,,,,,,,,,,,,,,,,,,,,,,,,,,,,,,,,,,,,,,,,,,,,,,,,,,,,,,
629,rdfs,label,latency,rdfs,label,,,,,,,,,,,,,,,,,,,,,,,,,,,,,,,,,,,,,,,,,,,,,,,,,,,,,,,,,,,,,,,,,,,,,,,,,,,,,,,,,,,,,,
632,rdfs,comment,time,request,observation,sensor,providing,result,rdfs,comment,,,,,,,,,,,,,,,,,,,,,,,,,,,,,,,,,,,,,,,,,,,,,,,,,,,,,,,,,,,,,,,,,,,,,,,,,,,,,,,,,
635,owl,class,rdf,http,purl,oclc,org,net,ssnx,ssn,measurementcapability,,,,,,,,,,,,,,,,,,,,,,,,,,,,,,,,,,,,,,,,,,,,,,,,,,,,,,,,,,,,,,,,,,,,,,,,,,,,,,,,
636,rdfs,label,measurement,capability,rdfs,label,,,,,,,,,,,,,,,,,,,,,,,,,,,,,,,,,,,,,,,,,,,,,,,,,,,,,,,,,,,,,,,,,,,,,,,,,,,,,,,,,,,,,
637,rdfs,subclassof,rdf,resource,http,purl,oclc,org,net,ssnx,ssn,property,,,,,,,,,,,,,,,,,,,,,,,,,,,,,,,,,,,,,,,,,,,,,,,,,,,,,,,,,,,,,,,,,,,,,,,,,,,,,,,
640,owl,onproperty,rdf,resource,http,purl,oclc,org,net,ssnx,ssn,hasmeasurementproperty,,,,,,,,,,,,,,,,,,,,,,,,,,,,,,,,,,,,,,,,,,,,,,,,,,,,,,,,,,,,,,,,,,,,,,,,,,,,,,,
641,owl,allvaluesfrom,rdf,resource,http,purl,oclc,org,net,ssnx,ssn,measurementproperty,,,,,,,,,,,,,,,,,,,,,,,,,,,,,,,,,,,,,,,,,,,,,,,,,,,,,,,,,,,,,,,,,,,,,,,,,,,,,,,
646,owl,onproperty,rdf,resource,http,purl,oclc,org,net,ssnx,ssn,forproperty,,,,,,,,,,,,,,,,,,,,,,,,,,,,,,,,,,,,,,,,,,,,,,,,,,,,,,,,,,,,,,,,,,,,,,,,,,,,,,,
652,owl,onproperty,rdf,resource,http,purl,oclc,org,net,ssnx,ssn,incondition,,,,,,,,,,,,,,,,,,,,,,,,,,,,,,,,,,,,,,,,,,,,,,,,,,,,,,,,,,,,,,,,,,,,,,,,,,,,,,,
653,owl,allvaluesfrom,rdf,resource,http,purl,oclc,org,net,ssnx,ssn,condition,,,,,,,,,,,,,,,,,,,,,,,,,,,,,,,,,,,,,,,,,,,,,,,,,,,,,,,,,,,,,,,,,,,,,,,,,,,,,,,
658,rdfs,comment,collects,together,measurement,properties,accuracy,range,precision,etc,environmental,conditions,properties,hold,representing,specification,sensor,capability,conditions,,,,,,,,,,,,,,,,,,,,,,,,,,,,,,,,,,,,,,,,,,,,,,,,,,,,,,,,,,,,,,,,,,,,,,,,
660,conditions,specified,affect,measurement,properties,operatingrange,represent,sensor,standard,operating,conditions,including,conditions,affect,observations,rdfs,comment,,,,,,,,,,,,,,,,,,,,,,,,,,,,,,,,,,,,,,,,,,,,,,,,,,,,,,,,,,,,,,,,,,,,,,,,,,
661,dc,source,similar,idea,measurementcapability,mmi,device,ontology,,,,,,,,,,,,,,,,,,,,,,,,,,,,,,,,,,,,,,,,,,,,,,,,,,,,,,,,,,,,,,,,,,,,,,,,,,,,,,,,,,,
662,http,marinemetadata,org,community,teams,ontdevices,,,,,,,,,,,,,,,,,,,,,,,,,,,,,,,,,,,,,,,,,,,,,,,,,,,,,,,,,,,,,,,,,,,,,,,,,,,,,,,,,,,,,
664,express,relationship,constraints,multiple,measurement,properties,differently,,,,,,,,,,,,,,,,,,,,,,,,,,,,,,,,,,,,,,,,,,,,,,,,,,,,,,,,,,,,,,,,,,,,,,,,,,,,,,,,,,,,
666,conditions,linked,measurementcapability,skos,exactmatch,influence,quantity,vim,,,,,,,,,,,,,,,,,,,,,,,,,,,,,,,,,,,,,,,,,,,,,,,,,,,,,,,,,,,,,,,,,,,,,,,,,,,,,,,,,,,
669,owl,class,rdf,http,purl,oclc,org,net,ssnx,ssn,measurementproperty,,,,,,,,,,,,,,,,,,,,,,,,,,,,,,,,,,,,,,,,,,,,,,,,,,,,,,,,,,,,,,,,,,,,,,,,,,,,,,,,
670,rdfs,label,measurement,property,rdfs,label,,,,,,,,,,,,,,,,,,,,,,,,,,,,,,,,,,,,,,,,,,,,,,,,,,,,,,,,,,,,,,,,,,,,,,,,,,,,,,,,,,,,,
674,rdfs,comment,identifiable,observable,characteristic,sensor,observations,ability,make,observations,rdfs,comment,,,,,,,,,,,,,,,,,,,,,,,,,,,,,,,,,,,,,,,,,,,,,,,,,,,,,,,,,,,,,,,,,,,,,,,,,,,,,,,
676,owl,class,rdf,http,purl,oclc,org,net,ssnx,ssn,measurementrange,,,,,,,,,,,,,,,,,,,,,,,,,,,,,,,,,,,,,,,,,,,,,,,,,,,,,,,,,,,,,,,,,,,,,,,,,,,,,,,,
677,rdfs,label,measurement,range,rdfs,label,,,,,,,,,,,,,,,,,,,,,,,,,,,,,,,,,,,,,,,,,,,,,,,,,,,,,,,,,,,,,,,,,,,,,,,,,,,,,,,,,,,,,
680,rdfs,comment,set,values,sensor,return,result,observation,defined,conditions,defined,measurement,properties,conditions,specified,conditions,specify,range,observed,qualities,measurement,range,taken,condition,observed,qualities,rdfs,comment,,,,,,,,,,,,,,,,,,,,,,,,,,,,,,,,,,,,,,,,,,,,,,,,,,,,,,,,,,,,,,,
682,dc,source,skos,exactmatch,measuring,interval,measurement,range,vim,,,,,,,,,,,,,,,,,,,,,,,,,,,,,,,,,,,,,,,,,,,,,,,,,,,,,,,,,,,,,,,,,,,,,,,,,,,,,,,,,,
685,owl,class,rdf,http,purl,oclc,org,net,ssnx,ssn,precision,,,,,,,,,,,,,,,,,,,,,,,,,,,,,,,,,,,,,,,,,,,,,,,,,,,,,,,,,,,,,,,,,,,,,,,,,,,,,,,,
686,rdfs,label,precision,rdfs,label,,,,,,,,,,,,,,,,,,,,,,,,,,,,,,,,,,,,,,,,,,,,,,,,,,,,,,,,,,,,,,,,,,,,,,,,,,,,,,,,,,,,,,
689,rdfs,comment,closeness,agreement,replicate,observations,unchanged,similar,quality,value,measure,sensor,ability,consitently,reproduce,observation,rdfs,comment,,,,,,,,,,,,,,,,,,,,,,,,,,,,,,,,,,,,,,,,,,,,,,,,,,,,,,,,,,,,,,,,,,,,,,,,,
691,dc,source,skos,exactmatch,measurement,precision,precision,vim,,,,,,,,,,,,,,,,,,,,,,,,,,,,,,,,,,,,,,,,,,,,,,,,,,,,,,,,,,,,,,,,,,,,,,,,,,,,,,,,,,,
694,owl,class,rdf,http,purl,oclc,org,net,ssnx,ssn,resolution,,,,,,,,,,,,,,,,,,,,,,,,,,,,,,,,,,,,,,,,,,,,,,,,,,,,,,,,,,,,,,,,,,,,,,,,,,,,,,,,
695,rdfs,label,resolution,rdfs,label,,,,,,,,,,,,,,,,,,,,,,,,,,,,,,,,,,,,,,,,,,,,,,,,,,,,,,,,,,,,,,,,,,,,,,,,,,,,,,,,,,,,,,
699,rdfs,comment,smallest,difference,value,quality,observed,would,result,perceptably,different,values,observation,results,rdfs,comment,,,,,,,,,,,,,,,,,,,,,,,,,,,,,,,,,,,,,,,,,,,,,,,,,,,,,,,,,,,,,,,,,,,,,,,,,,,
700,dc,source,skos,exactmatch,resolution,vim,,,,,,,,,,,,,,,,,,,,,,,,,,,,,,,,,,,,,,,,,,,,,,,,,,,,,,,,,,,,,,,,,,,,,,,,,,,,,,,,,,,,,
703,owl,class,rdf,http,purl,oclc,org,net,ssnx,ssn,responsetime,,,,,,,,,,,,,,,,,,,,,,,,,,,,,,,,,,,,,,,,,,,,,,,,,,,,,,,,,,,,,,,,,,,,,,,,,,,,,,,,
704,rdfs,label,response,time,rdfs,label,,,,,,,,,,,,,,,,,,,,,,,,,,,,,,,,,,,,,,,,,,,,,,,,,,,,,,,,,,,,,,,,,,,,,,,,,,,,,,,,,,,,,
707,rdfs,comment,time,step,change,inthe,value,observed,quality,sensor,possibly,specified,error,settling,observed,value,rdfs,comment,,,,,,,,,,,,,,,,,,,,,,,,,,,,,,,,,,,,,,,,,,,,,,,,,,,,,,,,,,,,,,,,,,,,,,,,,
708,dc,source,skos,exactmatch,step,response,time,vim,,,,,,,,,,,,,,,,,,,,,,,,,,,,,,,,,,,,,,,,,,,,,,,,,,,,,,,,,,,,,,,,,,,,,,,,,,,,,,,,,,,
712,owl,class,rdf,http,purl,oclc,org,net,ssnx,ssn,selectivity,,,,,,,,,,,,,,,,,,,,,,,,,,,,,,,,,,,,,,,,,,,,,,,,,,,,,,,,,,,,,,,,,,,,,,,,,,,,,,,,
713,rdfs,label,selectivity,rdfs,label,,,,,,,,,,,,,,,,,,,,,,,,,,,,,,,,,,,,,,,,,,,,,,,,,,,,,,,,,,,,,,,,,,,,,,,,,,,,,,,,,,,,,,
715,dc,source,skos,exactmatch,selectivity,vim,,,,,,,,,,,,,,,,,,,,,,,,,,,,,,,,,,,,,,,,,,,,,,,,,,,,,,,,,,,,,,,,,,,,,,,,,,,,,,,,,,,,,
718,rdfs,comment,selectivity,property,sensor,whereby,provides,observed,values,qualities,values,quality,independent,qualities,phenomenon,body,substance,investigated,rdfs,comment,,,,,,,,,,,,,,,,,,,,,,,,,,,,,,,,,,,,,,,,,,,,,,,,,,,,,,,,,,,,,,,,,,,,,,,
721,owl,class,rdf,http,purl,oclc,org,net,ssnx,ssn,sensitivity,,,,,,,,,,,,,,,,,,,,,,,,,,,,,,,,,,,,,,,,,,,,,,,,,,,,,,,,,,,,,,,,,,,,,,,,,,,,,,,,
722,rdfs,label,sensitivity,rdfs,label,,,,,,,,,,,,,,,,,,,,,,,,,,,,,,,,,,,,,,,,,,,,,,,,,,,,,,,,,,,,,,,,,,,,,,,,,,,,,,,,,,,,,,
724,dc,source,skos,exactmatch,sensitivity,vim,,,,,,,,,,,,,,,,,,,,,,,,,,,,,,,,,,,,,,,,,,,,,,,,,,,,,,,,,,,,,,,,,,,,,,,,,,,,,,,,,,,,,
728,rdfs,comment,sensitivity,quotient,change,result,sensor,corresponding,change,value,quality,observed,rdfs,comment,,,,,,,,,,,,,,,,,,,,,,,,,,,,,,,,,,,,,,,,,,,,,,,,,,,,,,,,,,,,,,,,,,,,,,,,,,,,,
731,owl,objectproperty,rdf,http,purl,oclc,org,net,ssnx,ssn,hasmeasurementcapability,,,,,,,,,,,,,,,,,,,,,,,,,,,,,,,,,,,,,,,,,,,,,,,,,,,,,,,,,,,,,,,,,,,,,,,,,,,,,,,,
733,rdfs,comment,relation,sensor,measurementcapability,describing,measurement,properties,sensor,rdfs,comment,,,,,,,,,,,,,,,,,,,,,,,,,,,,,,,,,,,,,,,,,,,,,,,,,,,,,,,,,,,,,,,,,,,,,,,,,,,,,,,,
736,rdfs,subpropertyof,rdf,resource,http,purl,oclc,org,net,ssnx,ssn,hasproperty,,,,,,,,,,,,,,,,,,,,,,,,,,,,,,,,,,,,,,,,,,,,,,,,,,,,,,,,,,,,,,,,,,,,,,,,,,,,,,,
738,owl,objectproperty,rdf,http,purl,oclc,org,net,ssnx,ssn,hasmeasurementproperty,,,,,,,,,,,,,,,,,,,,,,,,,,,,,,,,,,,,,,,,,,,,,,,,,,,,,,,,,,,,,,,,,,,,,,,,,,,,,,,,
740,rdfs,comment,relation,measurementcapability,measurementproperty,example,accuracy,see,notes,measurementcapability,rdfs,comment,,,,,,,,,,,,,,,,,,,,,,,,,,,,,,,,,,,,,,,,,,,,,,,,,,,,,,,,,,,,,,,,,,,,,,,,,,,,,,,
746,remove,comment,generate,documentation,observation,appearing,places,duplicate,replace,seealso,by,,,,,,,,,,,,,,,,,,,,,,,,,,,,,,,,,,,,,,,,,,,,,,,,,,,,,,,,,,,,,,,,,,,,,,,,,,,,,,,,
748,rdfs,seealso,http,www,org,incubator,ssn,wiki,ssn,observation,observation,rdfs,seealso,,,,,,,,,,,,,,,,,,,,,,,,,,,,,,,,,,,,,,,,,,,,,,,,,,,,,,,,,,,,,,,,,,,,,,,,,,,,,,
753,owl,objectproperty,rdf,http,purl,oclc,org,net,ssnx,ssn,madeobservation,,,,,,,,,,,,,,,,,,,,,,,,,,,,,,,,,,,,,,,,,,,,,,,,,,,,,,,,,,,,,,,,,,,,,,,,,,,,,,,,
754,rdfs,label,made,observation,rdfs,label,,,,,,,,,,,,,,,,,,,,,,,,,,,,,,,,,,,,,,,,,,,,,,,,,,,,,,,,,,,,,,,,,,,,,,,,,,,,,,,,,,,,,
756,rdfs,comment,relation,sensor,observations,made,rdfs,comment,,,,,,,,,,,,,,,,,,,,,,,,,,,,,,,,,,,,,,,,,,,,,,,,,,,,,,,,,,,,,,,,,,,,,,,,,,,,,,,,,,,
758,owl,inverseof,rdf,resource,http,purl,oclc,org,net,ssnx,ssn,observedby,,,,,,,,,,,,,,,,,,,,,,,,,,,,,,,,,,,,,,,,,,,,,,,,,,,,,,,,,,,,,,,,,,,,,,,,,,,,,,,
759,rdfs,subpropertyof,rdf,resource,http,www,loa,cnr,ontologies,dul,owl,isobjectincludedin,,,,,,,,,,,,,,,,,,,,,,,,,,,,,,,,,,,,,,,,,,,,,,,,,,,,,,,,,,,,,,,,,,,,,,,,,,,,,,,
761,owl,objectproperty,rdf,http,purl,oclc,org,net,ssnx,ssn,observationresulttime,,,,,,,,,,,,,,,,,,,,,,,,,,,,,,,,,,,,,,,,,,,,,,,,,,,,,,,,,,,,,,,,,,,,,,,,,,,,,,,,
762,rdfs,label,observation,result,time,rdfs,label,,,,,,,,,,,,,,,,,,,,,,,,,,,,,,,,,,,,,,,,,,,,,,,,,,,,,,,,,,,,,,,,,,,,,,,,,,,,,,,,,,,,
764,rdfs,comment,result,time,time,procedure,associated,observation,act,applied,rdfs,comment,,,,,,,,,,,,,,,,,,,,,,,,,,,,,,,,,,,,,,,,,,,,,,,,,,,,,,,,,,,,,,,,,,,,,,,,,,,,,,,
765,rdfs,comment,result,time,shall,describe,time,result,became,available,typically,procedure,associated,observation,completed,observations,identical,phenomenontime,important,cases,differ,amp,rdfs,comment,,,,,,,,,,,,,,,,,,,,,,,,,,,,,,,,,,,,,,,,,,,,,,,,,,,,,,,,,,,,,,,,,,,
766,dc,source,http,www,opengeospatial,org,standards,om,dc,source,,,,,,,,,,,,,,,,,,,,,,,,,,,,,,,,,,,,,,,,,,,,,,,,,,,,,,,,,,,,,,,,,,,,,,,,,,,,,,,,,
768,rdfs,subpropertyof,rdf,resource,http,www,loa,cnr,ontologies,dul,owl,hasregion,,,,,,,,,,,,,,,,,,,,,,,,,,,,,,,,,,,,,,,,,,,,,,,,,,,,,,,,,,,,,,,,,,,,,,,,,,,,,,,
770,owl,objectproperty,rdf,http,purl,oclc,org,net,ssnx,ssn,observationsamplingtime,,,,,,,,,,,,,,,,,,,,,,,,,,,,,,,,,,,,,,,,,,,,,,,,,,,,,,,,,,,,,,,,,,,,,,,,,,,,,,,,
771,rdfs,label,observation,sampling,time,rdfs,label,,,,,,,,,,,,,,,,,,,,,,,,,,,,,,,,,,,,,,,,,,,,,,,,,,,,,,,,,,,,,,,,,,,,,,,,,,,,,,,,,,,,
772,rdfs,comment,rebadged,phenomenon,time,amp,phenomenon,time,shall,describe,time,result,applies,property,feature,interest,often,time,interaction,sampling,procedure,observation,procedure,real,world,feature,rdfs,comment,,,,,,,,,,,,,,,,,,,,,,,,,,,,,,,,,,,,,,,,,,,,,,,,,,,,,,,,,,,,,,,
776,rdfs,comment,sampling,time,time,result,applies,feature,interest,time,usually,required,geospatial,analysis,result,rdfs,comment,,,,,,,,,,,,,,,,,,,,,,,,,,,,,,,,,,,,,,,,,,,,,,,,,,,,,,,,,,,,,,,,,,,,,,,,,,
779,owl,objectproperty,rdf,http,purl,oclc,org,net,ssnx,ssn,qualityofobservation,,,,,,,,,,,,,,,,,,,,,,,,,,,,,,,,,,,,,,,,,,,,,,,,,,,,,,,,,,,,,,,,,,,,,,,,,,,,,,,,
780,rdfs,label,quality,observation,rdfs,label,,,,,,,,,,,,,,,,,,,,,,,,,,,,,,,,,,,,,,,,,,,,,,,,,,,,,,,,,,,,,,,,,,,,,,,,,,,,,,,,,,,,,
781,dc,source,skos,exactmatch,resultquality,amp,iso,dis,,,,,,,,,,,,,,,,,,,,,,,,,,,,,,,,,,,,,,,,,,,,,,,,,,,,,,,,,,,,,,,,,,,,,,,,,,,,,,,,,,,
783,rdfs,comment,relation,linking,observation,adjudged,quality,result,course,complimentary,measurementcapability,information,recorded,sensor,made,observation,rdfs,comment,,,,,,,,,,,,,,,,,,,,,,,,,,,,,,,,,,,,,,,,,,,,,,,,,,,,,,,,,,,,,,,,,,,,,,,,,
789,owl,class,rdf,http,purl,oclc,org,net,ssnx,ssn,deployment,,,,,,,,,,,,,,,,,,,,,,,,,,,,,,,,,,,,,,,,,,,,,,,,,,,,,,,,,,,,,,,,,,,,,,,,,,,,,,,,
790,rdfs,label,deployment,rdfs,label,,,,,,,,,,,,,,,,,,,,,,,,,,,,,,,,,,,,,,,,,,,,,,,,,,,,,,,,,,,,,,,,,,,,,,,,,,,,,,,,,,,,,,
791,rdfs,subclassof,rdf,resource,http,purl,oclc,org,net,ssnx,ssn,deploymentrelatedprocess,,,,,,,,,,,,,,,,,,,,,,,,,,,,,,,,,,,,,,,,,,,,,,,,,,,,,,,,,,,,,,,,,,,,,,,,,,,,,,,
794,owl,onproperty,rdf,resource,http,purl,oclc,org,net,ssnx,ssn,deployedsystem,,,,,,,,,,,,,,,,,,,,,,,,,,,,,,,,,,,,,,,,,,,,,,,,,,,,,,,,,,,,,,,,,,,,,,,,,,,,,,,
800,owl,onproperty,rdf,resource,http,purl,oclc,org,net,ssnx,ssn,deployedonplatform,,,,,,,,,,,,,,,,,,,,,,,,,,,,,,,,,,,,,,,,,,,,,,,,,,,,,,,,,,,,,,,,,,,,,,,,,,,,,,,
804,dc,source,skos,closematch,deployment,mmi,dev,,,,,,,,,,,,,,,,,,,,,,,,,,,,,,,,,,,,,,,,,,,,,,,,,,,,,,,,,,,,,,,,,,,,,,,,,,,,,,,,,,,,
805,http,marinemetadata,org,community,teams,ontdevices,dc,source,,,,,,,,,,,,,,,,,,,,,,,,,,,,,,,,,,,,,,,,,,,,,,,,,,,,,,,,,,,,,,,,,,,,,,,,,,,,,,,,,,,
806,rdfs,seealso,http,www,org,incubator,ssn,wiki,ssn,deploy,deployment,rdfs,seealso,,,,,,,,,,,,,,,,,,,,,,,,,,,,,,,,,,,,,,,,,,,,,,,,,,,,,,,,,,,,,,,,,,,,,,,,,,,,,,
808,rdfs,comment,ongoing,process,entities,purposes,ontology,mainly,sensors,deployed,particular,purpose,example,particular,sensor,deployed,platform,whole,network,sensors,deployed,observation,campaign,deployment,sub,processes,installation,maintenance,addition,decomissioning,removal,rdfs,comment,,,,,,,,,,,,,,,,,,,,,,,,,,,,,,,,,,,,,,,,,,,,,,,,,,,,,,,,,,
810,owl,class,rdf,http,purl,oclc,org,net,ssnx,ssn,deploymentrelatedprocess,,,,,,,,,,,,,,,,,,,,,,,,,,,,,,,,,,,,,,,,,,,,,,,,,,,,,,,,,,,,,,,,,,,,,,,,,,,,,,,,
811,rdfs,label,deployment,related,process,rdfs,label,,,,,,,,,,,,,,,,,,,,,,,,,,,,,,,,,,,,,,,,,,,,,,,,,,,,,,,,,,,,,,,,,,,,,,,,,,,,,,,,,,,,
812,rdfs,subclassof,rdf,resource,http,www,loa,cnr,ontologies,dul,owl,process,,,,,,,,,,,,,,,,,,,,,,,,,,,,,,,,,,,,,,,,,,,,,,,,,,,,,,,,,,,,,,,,,,,,,,,,,,,,,,,
815,owl,onproperty,rdf,resource,http,purl,oclc,org,net,ssnx,ssn,deploymentprocesspart,,,,,,,,,,,,,,,,,,,,,,,,,,,,,,,,,,,,,,,,,,,,,,,,,,,,,,,,,,,,,,,,,,,,,,,,,,,,,,,
816,owl,allvaluesfrom,rdf,resource,http,purl,oclc,org,net,ssnx,ssn,deploymentrelatedprocess,,,,,,,,,,,,,,,,,,,,,,,,,,,,,,,,,,,,,,,,,,,,,,,,,,,,,,,,,,,,,,,,,,,,,,,,,,,,,,,
822,rdfs,comment,place,group,various,processes,related,deployment,example,well,deplyment,installation,maintenance,deployment,sensors,like,would,classified,deploymentrelatedprocess,rdfs,comment,,,,,,,,,,,,,,,,,,,,,,,,,,,,,,,,,,,,,,,,,,,,,,,,,,,,,,,,,,,,,,,,,,,,,,
825,owl,objectproperty,rdf,http,purl,oclc,org,net,ssnx,ssn,deployedonplatform,,,,,,,,,,,,,,,,,,,,,,,,,,,,,,,,,,,,,,,,,,,,,,,,,,,,,,,,,,,,,,,,,,,,,,,,,,,,,,,,
826,rdfs,label,deployed,platform,rdfs,label,,,,,,,,,,,,,,,,,,,,,,,,,,,,,,,,,,,,,,,,,,,,,,,,,,,,,,,,,,,,,,,,,,,,,,,,,,,,,,,,,,,,,
827,rdfs,comment,relation,deployment,platform,system,deployed,rdfs,comment,,,,,,,,,,,,,,,,,,,,,,,,,,,,,,,,,,,,,,,,,,,,,,,,,,,,,,,,,,,,,,,,,,,,,,,,,,,,,,,,,,
830,owl,inverseof,rdf,resource,http,purl,oclc,org,net,ssnx,ssn,indeployment,,,,,,,,,,,,,,,,,,,,,,,,,,,,,,,,,,,,,,,,,,,,,,,,,,,,,,,,,,,,,,,,,,,,,,,,,,,,,,,
831,rdfs,subpropertyof,rdf,resource,http,www,loa,cnr,ontologies,dul,owl,hasparticipant,,,,,,,,,,,,,,,,,,,,,,,,,,,,,,,,,,,,,,,,,,,,,,,,,,,,,,,,,,,,,,,,,,,,,,,,,,,,,,,
833,owl,objectproperty,rdf,http,purl,oclc,org,net,ssnx,ssn,deployedsystem,,,,,,,,,,,,,,,,,,,,,,,,,,,,,,,,,,,,,,,,,,,,,,,,,,,,,,,,,,,,,,,,,,,,,,,,,,,,,,,,
834,rdfs,label,deployed,system,rdfs,label,,,,,,,,,,,,,,,,,,,,,,,,,,,,,,,,,,,,,,,,,,,,,,,,,,,,,,,,,,,,,,,,,,,,,,,,,,,,,,,,,,,,,
837,rdfs,comment,relation,deployment,deployed,system,rdfs,comment,,,,,,,,,,,,,,,,,,,,,,,,,,,,,,,,,,,,,,,,,,,,,,,,,,,,,,,,,,,,,,,,,,,,,,,,,,,,,,,,,,,
840,owl,objectproperty,rdf,http,purl,oclc,org,net,ssnx,ssn,deploymentprocesspart,,,,,,,,,,,,,,,,,,,,,,,,,,,,,,,,,,,,,,,,,,,,,,,,,,,,,,,,,,,,,,,,,,,,,,,,,,,,,,,,
841,rdfs,label,deployment,process,part,rdfs,label,,,,,,,,,,,,,,,,,,,,,,,,,,,,,,,,,,,,,,,,,,,,,,,,,,,,,,,,,,,,,,,,,,,,,,,,,,,,,,,,,,,,
842,rdfs,comment,part,relation,deployment,process,constituent,processes,rdfs,comment,,,,,,,,,,,,,,,,,,,,,,,,,,,,,,,,,,,,,,,,,,,,,,,,,,,,,,,,,,,,,,,,,,,,,,,,,,,,,,,,,
847,owl,objectproperty,rdf,http,purl,oclc,org,net,ssnx,ssn,hasdeployment,,,,,,,,,,,,,,,,,,,,,,,,,,,,,,,,,,,,,,,,,,,,,,,,,,,,,,,,,,,,,,,,,,,,,,,,,,,,,,,,
850,rdfs,comment,relation,system,deployment,recording,system,sensor,deployed,deployment,rdfs,comment,,,,,,,,,,,,,,,,,,,,,,,,,,,,,,,,,,,,,,,,,,,,,,,,,,,,,,,,,,,,,,,,,,,,,,,,,,,,,,,
852,owl,inverseof,rdf,resource,http,purl,oclc,org,net,ssnx,ssn,deployedsystem,,,,,,,,,,,,,,,,,,,,,,,,,,,,,,,,,,,,,,,,,,,,,,,,,,,,,,,,,,,,,,,,,,,,,,,,,,,,,,,
853,rdfs,subpropertyof,rdf,resource,http,www,loa,cnr,ontologies,dul,owl,isparticipantin,,,,,,,,,,,,,,,,,,,,,,,,,,,,,,,,,,,,,,,,,,,,,,,,,,,,,,,,,,,,,,,,,,,,,,,,,,,,,,,
855,owl,objectproperty,rdf,http,purl,oclc,org,net,ssnx,ssn,indeployment,,,,,,,,,,,,,,,,,,,,,,,,,,,,,,,,,,,,,,,,,,,,,,,,,,,,,,,,,,,,,,,,,,,,,,,,,,,,,,,,
857,rdfs,comment,relation,platform,deployment,recording,object,used,platform,system,sensor,particular,deployment,physicalobject,acting,platform,indeployment,deployment,rdfs,comment,,,,,,,,,,,,,,,,,,,,,,,,,,,,,,,,,,,,,,,,,,,,,,,,,,,,,,,,,,,,,,,,,,,,,,,
863,owl,class,rdf,http,purl,oclc,org,net,ssnx,ssn,platform,,,,,,,,,,,,,,,,,,,,,,,,,,,,,,,,,,,,,,,,,,,,,,,,,,,,,,,,,,,,,,,,,,,,,,,,,,,,,,,,
864,rdfs,label,platform,rdfs,label,,,,,,,,,,,,,,,,,,,,,,,,,,,,,,,,,,,,,,,,,,,,,,,,,,,,,,,,,,,,,,,,,,,,,,,,,,,,,,,,,,,,,,
868,owl,onproperty,rdf,resource,http,purl,oclc,org,net,ssnx,ssn,attachedsystem,,,,,,,,,,,,,,,,,,,,,,,,,,,,,,,,,,,,,,,,,,,,,,,,,,,,,,,,,,,,,,,,,,,,,,,,,,,,,,,
874,owl,onproperty,rdf,resource,http,purl,oclc,org,net,ssnx,ssn,indeployment,,,,,,,,,,,,,,,,,,,,,,,,,,,,,,,,,,,,,,,,,,,,,,,,,,,,,,,,,,,,,,,,,,,,,,,,,,,,,,,
878,dc,source,skos,exactmatch,platform,sensorml,ogc,,,,,,,,,,,,,,,,,,,,,,,,,,,,,,,,,,,,,,,,,,,,,,,,,,,,,,,,,,,,,,,,,,,,,,,,,,,,,,,,,,,,
879,http,www,opengeospatial,org,standards,sensorml,dc,source,,,,,,,,,,,,,,,,,,,,,,,,,,,,,,,,,,,,,,,,,,,,,,,,,,,,,,,,,,,,,,,,,,,,,,,,,,,,,,,,,,,
880,rdfs,comment,entity,entities,attached,particuarly,sensors,platforms,example,post,might,act,platform,bouy,might,act,platform,fish,might,act,platform,attached,sensor,rdfs,comment,,,,,,,,,,,,,,,,,,,,,,,,,,,,,,,,,,,,,,,,,,,,,,,,,,,,,,,,,,,,,,,,,,
881,rdfs,seealso,http,www,org,incubator,ssn,wiki,ssn,deploy,platformsite,rdfs,seealso,,,,,,,,,,,,,,,,,,,,,,,,,,,,,,,,,,,,,,,,,,,,,,,,,,,,,,,,,,,,,,,,,,,,,,,,,,,,,,
885,owl,objectproperty,rdf,http,purl,oclc,org,net,ssnx,ssn,attachedsystem,,,,,,,,,,,,,,,,,,,,,,,,,,,,,,,,,,,,,,,,,,,,,,,,,,,,,,,,,,,,,,,,,,,,,,,,,,,,,,,,
886,rdfs,label,attached,system,rdfs,label,,,,,,,,,,,,,,,,,,,,,,,,,,,,,,,,,,,,,,,,,,,,,,,,,,,,,,,,,,,,,,,,,,,,,,,,,,,,,,,,,,,,,
888,rdfs,comment,relation,platform,systems,sensors,attached,platform,rdfs,comment,,,,,,,,,,,,,,,,,,,,,,,,,,,,,,,,,,,,,,,,,,,,,,,,,,,,,,,,,,,,,,,,,,,,,,,,,,,,,,,,,
890,rdfs,subpropertyof,rdf,resource,http,www,loa,cnr,ontologies,dul,owl,islocationof,,,,,,,,,,,,,,,,,,,,,,,,,,,,,,,,,,,,,,,,,,,,,,,,,,,,,,,,,,,,,,,,,,,,,,,,,,,,,,,
892,owl,objectproperty,rdf,http,purl,oclc,org,net,ssnx,ssn,onplatform,,,,,,,,,,,,,,,,,,,,,,,,,,,,,,,,,,,,,,,,,,,,,,,,,,,,,,,,,,,,,,,,,,,,,,,,,,,,,,,,
896,rdfs,comment,relation,system,sensor,platform,relation,locates,sensor,relative,described,entities,entities,sensor,location,platform,precise,locations,sensors,space,relative,entities,attached,another,entity,space,made,using,dolce,regions,spaceregion,rdfs,comment,,,,,,,,,,,,,,,,,,,,,,,,,,,,,,,,,,,,,,,,,,,,,,,,,,,,,,,,,,
897,owl,inverseof,rdf,resource,http,purl,oclc,org,net,ssnx,ssn,attachedsystem,,,,,,,,,,,,,,,,,,,,,,,,,,,,,,,,,,,,,,,,,,,,,,,,,,,,,,,,,,,,,,,,,,,,,,,,,,,,,,,
898,rdfs,subpropertyof,rdf,resource,http,www,loa,cnr,ontologies,dul,owl,haslocation,,,,,,,,,,,,,,,,,,,,,,,,,,,,,,,,,,,,,,,,,,,,,,,,,,,,,,,,,,,,,,,,,,,,,,,,,,,,,,,
901,owl,class,rdf,http,purl,oclc,org,net,ssnx,ssn,maintenanceschedule,,,,,,,,,,,,,,,,,,,,,,,,,,,,,,,,,,,,,,,,,,,,,,,,,,,,,,,,,,,,,,,,,,,,,,,,,,,,,,,,
902,rdfs,label,maintenance,schedule,rdfs,label,,,,,,,,,,,,,,,,,,,,,,,,,,,,,,,,,,,,,,,,,,,,,,,,,,,,,,,,,,,,,,,,,,,,,,,,,,,,,,,,,,,,,
903,rdfs,subclassof,rdf,resource,http,purl,oclc,org,net,ssnx,ssn,operatingproperty,,,,,,,,,,,,,,,,,,,,,,,,,,,,,,,,,,,,,,,,,,,,,,,,,,,,,,,,,,,,,,,,,,,,,,,,,,,,,,,
904,rdfs,comment,schedule,maintenance,system,sensor,specified,conditions,rdfs,comment,,,,,,,,,,,,,,,,,,,,,,,,,,,,,,,,,,,,,,,,,,,,,,,,,,,,,,,,,,,,,,,,,,,,,,,,,,,,,,,,,
906,rdfs,seealso,http,www,org,incubator,ssn,wiki,ssn,deploy,operatingrestriction,rdfs,seealso,,,,,,,,,,,,,,,,,,,,,,,,,,,,,,,,,,,,,,,,,,,,,,,,,,,,,,,,,,,,,,,,,,,,,,,,,,,,,,
908,owl,class,rdf,http,purl,oclc,org,net,ssnx,ssn,operatingproperty,,,,,,,,,,,,,,,,,,,,,,,,,,,,,,,,,,,,,,,,,,,,,,,,,,,,,,,,,,,,,,,,,,,,,,,,,,,,,,,,
909,rdfs,label,operating,property,rdfs,label,,,,,,,,,,,,,,,,,,,,,,,,,,,,,,,,,,,,,,,,,,,,,,,,,,,,,,,,,,,,,,,,,,,,,,,,,,,,,,,,,,,,,
913,rdfs,comment,identifiable,characteristic,environmental,conditions,sensor,intended,operate,include,power,ranges,power,sources,standard,configurations,attachments,like,rdfs,comment,,,,,,,,,,,,,,,,,,,,,,,,,,,,,,,,,,,,,,,,,,,,,,,,,,,,,,,,,,,,,,,,,,,,,,,
915,owl,class,rdf,http,purl,oclc,org,net,ssnx,ssn,operatingrange,,,,,,,,,,,,,,,,,,,,,,,,,,,,,,,,,,,,,,,,,,,,,,,,,,,,,,,,,,,,,,,,,,,,,,,,,,,,,,,,
916,rdfs,label,operating,range,rdfs,label,,,,,,,,,,,,,,,,,,,,,,,,,,,,,,,,,,,,,,,,,,,,,,,,,,,,,,,,,,,,,,,,,,,,,,,,,,,,,,,,,,,,,
920,owl,onproperty,rdf,resource,http,purl,oclc,org,net,ssnx,ssn,hasoperatingproperty,,,,,,,,,,,,,,,,,,,,,,,,,,,,,,,,,,,,,,,,,,,,,,,,,,,,,,,,,,,,,,,,,,,,,,,,,,,,,,,
921,owl,allvaluesfrom,rdf,resource,http,purl,oclc,org,net,ssnx,ssn,operatingproperty,,,,,,,,,,,,,,,,,,,,,,,,,,,,,,,,,,,,,,,,,,,,,,,,,,,,,,,,,,,,,,,,,,,,,,,,,,,,,,,
930,rdfs,comment,environmental,conditions,characteristics,system,sensor,normal,operating,environment,used,specify,example,standard,environmental,conditions,sensor,expected,operate,condition,operatingproperty,environmental,operating,properties,relate,maintenance,schedule,power,requirements,differ,according,conditions,rdfs,comment,,,,,,,,,,,,,,,,,,,,,,,,,,,,,,,,,,,,,,,,,,,,,,,,,,,,,,,,,
931,dc,source,skos,broadermatch,reference,operating,condition,vim,,,,,,,,,,,,,,,,,,,,,,,,,,,,,,,,,,,,,,,,,,,,,,,,,,,,,,,,,,,,,,,,,,,,,,,,,,,,,,,,,,,
932,http,www,bipm,org,utils,common,documents,jcgm,jcgm,pdf,,,,,,,,,,,,,,,,,,,,,,,,,,,,,,,,,,,,,,,,,,,,,,,,,,,,,,,,,,,,,,,,,,,,,,,,,,,,,,,,,
934,difference,allow,qualities,vim,influence,quantities,vim,example,quantity,alters,power,requirements,affect,measurement,properties,conditions,specified,measurementcapability,influence,quantities,dc,source,,,,,,,,,,,,,,,,,,,,,,,,,,,,,,,,,,,,,,,,,,,,,,,,,,,,,,,,,,,,,,,,,,,,,
938,owl,class,rdf,http,purl,oclc,org,net,ssnx,ssn,survivalproperty,,,,,,,,,,,,,,,,,,,,,,,,,,,,,,,,,,,,,,,,,,,,,,,,,,,,,,,,,,,,,,,,,,,,,,,,,,,,,,,,
939,rdfs,label,survival,property,rdfs,label,,,,,,,,,,,,,,,,,,,,,,,,,,,,,,,,,,,,,,,,,,,,,,,,,,,,,,,,,,,,,,,,,,,,,,,,,,,,,,,,,,,,,
943,rdfs,comment,identifiable,characteristic,represents,extent,sensors,useful,life,might,include,example,total,battery,life,number,recharges,sensors,used,fixed,number,times,number,observations,made,sensing,capability,depleted,rdfs,comment,,,,,,,,,,,,,,,,,,,,,,,,,,,,,,,,,,,,,,,,,,,,,,,,,,,,,,,,,,,,,
945,owl,class,rdf,http,purl,oclc,org,net,ssnx,ssn,survivalrange,,,,,,,,,,,,,,,,,,,,,,,,,,,,,,,,,,,,,,,,,,,,,,,,,,,,,,,,,,,,,,,,,,,,,,,,,,,,,,,,
946,rdfs,label,survival,range,rdfs,label,,,,,,,,,,,,,,,,,,,,,,,,,,,,,,,,,,,,,,,,,,,,,,,,,,,,,,,,,,,,,,,,,,,,,,,,,,,,,,,,,,,,,
950,owl,onproperty,rdf,resource,http,purl,oclc,org,net,ssnx,ssn,hassurvivalproperty,,,,,,,,,,,,,,,,,,,,,,,,,,,,,,,,,,,,,,,,,,,,,,,,,,,,,,,,,,,,,,,,,,,,,,,,,,,,,,,
951,owl,allvaluesfrom,rdf,resource,http,purl,oclc,org,net,ssnx,ssn,survivalproperty,,,,,,,,,,,,,,,,,,,,,,,,,,,,,,,,,,,,,,,,,,,,,,,,,,,,,,,,,,,,,,,,,,,,,,,,,,,,,,,
960,rdfs,comment,conditions,sensor,exposed,without,damage,sensor,continues,operate,defined,using,measurementcapability,survivalrange,exceeded,sensor,damaged,measurementcapability,specifications,longer,hold,rdfs,comment,,,,,,,,,,,,,,,,,,,,,,,,,,,,,,,,,,,,,,,,,,,,,,,,,,,,,,,,,,,,,,,,,,,,
962,dc,source,skos,narrowermatch,limiting,operating,condition,vim,,,,,,,,,,,,,,,,,,,,,,,,,,,,,,,,,,,,,,,,,,,,,,,,,,,,,,,,,,,,,,,,,,,,,,,,,,,,,,,,,,,
966,owl,class,rdf,http,purl,oclc,org,net,ssnx,ssn,systemlifetime,,,,,,,,,,,,,,,,,,,,,,,,,,,,,,,,,,,,,,,,,,,,,,,,,,,,,,,,,,,,,,,,,,,,,,,,,,,,,,,,
967,rdfs,label,system,lifetime,rdfs,label,,,,,,,,,,,,,,,,,,,,,,,,,,,,,,,,,,,,,,,,,,,,,,,,,,,,,,,,,,,,,,,,,,,,,,,,,,,,,,,,,,,,,
968,rdfs,subclassof,rdf,resource,http,purl,oclc,org,net,ssnx,ssn,survivalproperty,,,,,,,,,,,,,,,,,,,,,,,,,,,,,,,,,,,,,,,,,,,,,,,,,,,,,,,,,,,,,,,,,,,,,,,,,,,,,,,
971,rdfs,comment,total,useful,life,sensor,system,expressed,total,life,since,manufacture,time,use,number,operations,etc,rdfs,comment,,,,,,,,,,,,,,,,,,,,,,,,,,,,,,,,,,,,,,,,,,,,,,,,,,,,,,,,,,,,,,,,,,,,,,,,
974,owl,objectproperty,rdf,http,purl,oclc,org,net,ssnx,ssn,hasoperatingproperty,,,,,,,,,,,,,,,,,,,,,,,,,,,,,,,,,,,,,,,,,,,,,,,,,,,,,,,,,,,,,,,,,,,,,,,,,,,,,,,,
977,rdfs,comment,relation,operatingrange,property,example,battery,lifetime,rdfs,comment,,,,,,,,,,,,,,,,,,,,,,,,,,,,,,,,,,,,,,,,,,,,,,,,,,,,,,,,,,,,,,,,,,,,,,,,,,,,,,,,,
981,owl,objectproperty,rdf,http,purl,oclc,org,net,ssnx,ssn,hasoperatingrange,,,,,,,,,,,,,,,,,,,,,,,,,,,,,,,,,,,,,,,,,,,,,,,,,,,,,,,,,,,,,,,,,,,,,,,,,,,,,,,,
985,rdfs,comment,relation,system,operatingrange,describing,normal,operating,environment,system,rdfs,comment,,,,,,,,,,,,,,,,,,,,,,,,,,,,,,,,,,,,,,,,,,,,,,,,,,,,,,,,,,,,,,,,,,,,,,,,,,,,,,,
988,owl,objectproperty,rdf,http,purl,oclc,org,net,ssnx,ssn,hassurvivalproperty,,,,,,,,,,,,,,,,,,,,,,,,,,,,,,,,,,,,,,,,,,,,,,,,,,,,,,,,,,,,,,,,,,,,,,,,,,,,,,,,
992,rdfs,comment,relation,survivalrange,property,describing,survial,range,system,example,temperature,extreme,system,withstand,considered,damaged,rdfs,comment,,,,,,,,,,,,,,,,,,,,,,,,,,,,,,,,,,,,,,,,,,,,,,,,,,,,,,,,,,,,,,,,,,,,,,,,,
995,owl,objectproperty,rdf,http,purl,oclc,org,net,ssnx,ssn,hassurvivalrange,,,,,,,,,,,,,,,,,,,,,,,,,,,,,,,,,,,,,,,,,,,,,,,,,,,,,,,,,,,,,,,,,,,,,,,,,,,,,,,,
998,rdfs,comment,relation,system,survivalrange,rdfs,comment,,,,,,,,,,,,,,,,,,,,,,,,,,,,,,,,,,,,,,,,,,,,,,,,,,,,,,,,,,,,,,,,,,,,,,,,,,,,,,,,,,,,
1003,owl,class,rdf,http,purl,oclc,org,net,ssnx,ssn,observationvalue,,,,,,,,,,,,,,,,,,,,,,,,,,,,,,,,,,,,,,,,,,,,,,,,,,,,,,,,,,,,,,,,,,,,,,,,,,,,,,,,
1004,rdfs,label,observation,value,rdfs,label,,,,,,,,,,,,,,,,,,,,,,,,,,,,,,,,,,,,,,,,,,,,,,,,,,,,,,,,,,,,,,,,,,,,,,,,,,,,,,,,,,,,,
1005,rdfs,subclassof,rdf,resource,http,www,loa,cnr,ontologies,dul,owl,region,,,,,,,,,,,,,,,,,,,,,,,,,,,,,,,,,,,,,,,,,,,,,,,,,,,,,,,,,,,,,,,,,,,,,,,,,,,,,,,
1008,owl,onproperty,rdf,resource,http,www,loa,cnr,ontologies,dul,owl,isregionfor,,,,,,,,,,,,,,,,,,,,,,,,,,,,,,,,,,,,,,,,,,,,,,,,,,,,,,,,,,,,,,,,,,,,,,,,,,,,,,,
1009,owl,somevaluesfrom,rdf,resource,http,purl,oclc,org,net,ssnx,ssn,sensoroutput,,,,,,,,,,,,,,,,,,,,,,,,,,,,,,,,,,,,,,,,,,,,,,,,,,,,,,,,,,,,,,,,,,,,,,,,,,,,,,,
1013,rdfs,comment,value,result,observation,observation,result,output,sensor,result,information,object,encodes,value,feature,rdfs,comment,,,,,,,,,,,,,,,,,,,,,,,,,,,,,,,,,,,,,,,,,,,,,,,,,,,,,,,,,,,,,,,,,,,,,,,,,,
1014,dc,source,skos,exactmatch,measured,quantity,value,vim,,,,,,,,,,,,,,,,,,,,,,,,,,,,,,,,,,,,,,,,,,,,,,,,,,,,,,,,,,,,,,,,,,,,,,,,,,,,,,,,,,,
1017,skos,exactmatch,observed,value,sensorml,ogc,,,,,,,,,,,,,,,,,,,,,,,,,,,,,,,,,,,,,,,,,,,,,,,,,,,,,,,,,,,,,,,,,,,,,,,,,,,,,,,,,,,,,
1023,amp,conflates,sensoroutput,observationvalue,observation,result,though,ogc,standard,say,result,contains,value,result,value,fits,naturally,model,dc,source,,,,,,,,,,,,,,,,,,,,,,,,,,,,,,,,,,,,,,,,,,,,,,,,,,,,,,,,,,,,,,,,,,,,,,,
1024,rdfs,seealso,http,www,org,incubator,ssn,wiki,ssn,base,data,rdfs,seealso,,,,,,,,,,,,,,,,,,,,,,,,,,,,,,,,,,,,,,,,,,,,,,,,,,,,,,,,,,,,,,,,,,,,,,,,,,,,,,
1027,owl,objectproperty,rdf,http,purl,oclc,org,net,ssnx,ssn,hasvalue,,,,,,,,,,,,,,,,,,,,,,,,,,,,,,,,,,,,,,,,,,,,,,,,,,,,,,,,,,,,,,,,,,,,,,,,,,,,,,,,
1028,rdfs,label,value,rdfs,label,,,,,,,,,,,,,,,,,,,,,,,,,,,,,,,,,,,,,,,,,,,,,,,,,,,,,,,,,,,,,,,,,,,,,,,,,,,,,,,,,,,,,,
1035,owl,objectproperty,rdf,http,purl,oclc,org,net,ssnx,ssn,endtime,,,,,,,,,,,,,,,,,,,,,,,,,,,,,,,,,,,,,,,,,,,,,,,,,,,,,,,,,,,,,,,,,,,,,,,,,,,,,,,,
1036,rdfs,label,end,time,rdfs,label,,,,,,,,,,,,,,,,,,,,,,,,,,,,,,,,,,,,,,,,,,,,,,,,,,,,,,,,,,,,,,,,,,,,,,,,,,,,,,,,,,,,,
1038,rdfs,seealso,http,www,org,incubator,ssn,wiki,ssn,base,time,rdfs,seealso,,,,,,,,,,,,,,,,,,,,,,,,,,,,,,,,,,,,,,,,,,,,,,,,,,,,,,,,,,,,,,,,,,,,,,,,,,,,,,
1041,owl,objectproperty,rdf,http,purl,oclc,org,net,ssnx,ssn,starttime,,,,,,,,,,,,,,,,,,,,,,,,,,,,,,,,,,,,,,,,,,,,,,,,,,,,,,,,,,,,,,,,,,,,,,,,,,,,,,,,
1042,rdfs,label,start,time,rdfs,label,,,,,,,,,,,,,,,,,,,,,,,,,,,,,,,,,,,,,,,,,,,,,,,,,,,,,,,,,,,,,,,,,,,,,,,,,,,,,,,,,,,,,
1048,owl,class,rdf,http,purl,oclc,org,net,ssnx,ssn,condition,,,,,,,,,,,,,,,,,,,,,,,,,,,,,,,,,,,,,,,,,,,,,,,,,,,,,,,,,,,,,,,,,,,,,,,,,,,,,,,,
1049,rdfs,label,condition,rdfs,label,,,,,,,,,,,,,,,,,,,,,,,,,,,,,,,,,,,,,,,,,,,,,,,,,,,,,,,,,,,,,,,,,,,,,,,,,,,,,,,,,,,,,,
1051,rdfs,seealso,http,www,org,incubator,ssn,wiki,ssn,base,constraintblock,rdfs,seealso,,,,,,,,,,,,,,,,,,,,,,,,,,,,,,,,,,,,,,,,,,,,,,,,,,,,,,,,,,,,,,,,,,,,,,,,,,,,,,
1052,rdfs,comment,used,specify,ranges,qualities,act,conditions,system,sensor,operation,example,wind,speed,expressed,condition,linking,quality,wind,speed,unit,measurement,metres,per,second,set,values,used,condition,measurementproperty,example,state,sensor,particular,accuracy,condition,rdfs,comment,,,,,,,,,,,,,,,,,,,,,,,,,,,,,,,,,,,,,,,,,,,,,,,,,,,,,
1056,owl,objectproperty,rdf,http,purl,oclc,org,net,ssnx,ssn,incondition,,,,,,,,,,,,,,,,,,,,,,,,,,,,,,,,,,,,,,,,,,,,,,,,,,,,,,,,,,,,,,,,,,,,,,,,,,,,,,,,
1058,rdfs,comment,describes,prevailing,environmental,conditions,measurementcapabilites,operatingconditions,survivalranges,used,example,say,sensor,particular,accuracy,particular,conditions,see,measurementcapability,rdfs,comment,,,,,,,,,,,,,,,,,,,,,,,,,,,,,,,,,,,,,,,,,,,,,,,,,,,,,,,,,,,,,,,,,,,,,,
1063,owl,class,rdf,http,purl,oclc,org,net,ssnx,ssn,device,,,,,,,,,,,,,,,,,,,,,,,,,,,,,,,,,,,,,,,,,,,,,,,,,,,,,,,,,,,,,,,,,,,,,,,,,,,,,,,,
1064,rdfs,label,device,rdfs,label,,,,,,,,,,,,,,,,,,,,,,,,,,,,,,,,,,,,,,,,,,,,,,,,,,,,,,,,,,,,,,,,,,,,,,,,,,,,,,,,,,,,,,
1065,rdfs,subclassof,rdf,resource,http,purl,oclc,org,net,ssnx,ssn,system,,,,,,,,,,,,,,,,,,,,,,,,,,,,,,,,,,,,,,,,,,,,,,,,,,,,,,,,,,,,,,,,,,,,,,,,,,,,,,,
1066,rdfs,subclassof,rdf,resource,http,www,loa,cnr,ontologies,dul,owl,designedartifact,,,,,,,,,,,,,,,,,,,,,,,,,,,,,,,,,,,,,,,,,,,,,,,,,,,,,,,,,,,,,,,,,,,,,,,,,,,,,,,
1067,rdfs,seealso,http,www,org,incubator,ssn,wiki,ssn,device,device,rdfs,seealso,,,,,,,,,,,,,,,,,,,,,,,,,,,,,,,,,,,,,,,,,,,,,,,,,,,,,,,,,,,,,,,,,,,,,,,,,,,,,,
1068,rdfs,comment,device,physical,piece,technology,system,box,devices,course,built,smaller,devices,software,components,systems,components,rdfs,comment,,,,,,,,,,,,,,,,,,,,,,,,,,,,,,,,,,,,,,,,,,,,,,,,,,,,,,,,,,,,,,,,,,,,,,,,
1074,owl,class,rdf,http,purl,oclc,org,net,ssnx,ssn,batterylifetime,,,,,,,,,,,,,,,,,,,,,,,,,,,,,,,,,,,,,,,,,,,,,,,,,,,,,,,,,,,,,,,,,,,,,,,,,,,,,,,,
1075,rdfs,label,battery,lifetime,rdfs,label,,,,,,,,,,,,,,,,,,,,,,,,,,,,,,,,,,,,,,,,,,,,,,,,,,,,,,,,,,,,,,,,,,,,,,,,,,,,,,,,,,,,,
1078,rdfs,comment,total,useful,life,battery,rdfs,comment,,,,,,,,,,,,,,,,,,,,,,,,,,,,,,,,,,,,,,,,,,,,,,,,,,,,,,,,,,,,,,,,,,,,,,,,,,,,,,,,,,,
1079,rdfs,seealso,http,www,org,incubator,ssn,wiki,ssn,energy,energyrestriction,rdfs,seealso,,,,,,,,,,,,,,,,,,,,,,,,,,,,,,,,,,,,,,,,,,,,,,,,,,,,,,,,,,,,,,,,,,,,,,,,,,,,,,
1081,owl,class,rdf,http,purl,oclc,org,net,ssnx,ssn,operatingpowerrange,,,,,,,,,,,,,,,,,,,,,,,,,,,,,,,,,,,,,,,,,,,,,,,,,,,,,,,,,,,,,,,,,,,,,,,,,,,,,,,,
1082,rdfs,label,operating,power,range,rdfs,label,,,,,,,,,,,,,,,,,,,,,,,,,,,,,,,,,,,,,,,,,,,,,,,,,,,,,,,,,,,,,,,,,,,,,,,,,,,,,,,,,,,,
1084,rdfs,comment,power,range,system,sensor,expected,operate,rdfs,comment,,,,,,,,,,,,,,,,,,,,,,,,,,,,,,,,,,,,,,,,,,,,,,,,,,,,,,,,,,,,,,,,,,,,,,,,,,,,,,,,,
1089,rdf,rdf,,,,,,,,,,,,,,,,,,,,,,,,,,,,,,,,,,,,,,,,,,,,,,,,,,,,,,,,,,,,,,,,,,,,,,,,,,,,,,,,,,,,,,,,,
